idx,id,text
0,,"Football is the most popular women's sport in the country, and was first played in an organized system in 1998."
1,,"It has a small chapel and a cistern enclosed within the pillared cave, which is believed to be Buddhist."
2,,"While this species possesses the dark mask-like pattern across its eyes common to its genus, it is not ornately patterned like other maskrays."
3,,"The gods Brahma and Indra, with their mystic regalia and mounts, are shown to the right of Shiva; Vishnu, riding his mount Garuda, is shown to the left of Parvati."
4,,"Polish-German cooperation in cultural matters, such as joint public performances, was strictly prohibited."
5,,Her iron belt armor was removed and stronger steel armor was installed in its place.
6,,"The monuments of Toniná tend to be smaller than those at other Maya sites, with most of the stelae measuring less than 2 metres (6.6 ft) tall."
7,,He moved forward the next evening to a concealed position within easy reach of the monitors for an attack early the following morning.
8,,"The pectoral fin disc of the plain maskray is thin and diamond-shaped with narrowly rounded outer corners, measuring 1.1 – 1.3 times longer than wide."
9,,"Taken together, the album sales totalled an unprecedented 500,000 units, and became one of the top selling Bollywood soundtracks of the 1970s."
10,,"The change in coaching did not change the fortunes of the team, as they reached the All-Star break with a 13 – 30 – 6 record."
11,,"The writer also criticised Furtado's discussion of her buttocks and apparent rejection of feminism in a Blender magazine interview, writing:"" Girls, do you hear that churning?"
12,,"Exit 8 is also used to access Route 2 and I-95 south, which has no direct freeway connection with Route 4 north."
13,,This crake is in steep decline across much of its former breeding range because modern farming practices often destroy nests before breeding is completed.
14,,"On the first floor was the famous Sundial Room or Meridian Room, which was initially an open loggia."
15,,"A ruler known as Jaguar Bird Peccary is represented on a 6th-century stela, which describes him acceding to the throne in 568."
16,,"Local gods were linked with greater ones, and deities with similar functions were combined."
17,,"They were then placed in restraint positions, arrested, charged and held in custody for four days, including three days in HMP Bronzefield, before they were released on bail."
18,,"Townsend was inspired one morning while driving across Canada with his band, and looked to write an"" introspective"" album dedicated to his homeland."
19,,"Four allotropes of antimony are known: a stable metallic form and three metastable forms (explosive, black and yellow)."
20,,"There are four staffers dedicated to women's football in the Gambia Football Association, and representation of women on the board is required by the association's charter."
21,,"In 2008, she won the Golden Globe, Screen Actors Guild, and Emmy awards all in the category for Best Actress in a Comedy Series."
22,,He emptied the container of dirt he took from the Metrodome on the mound at Target Field before pitching.
23,,"Events and individuals connected with the war are ubiquitous on TV, on radio and in the print media."
24,,"He and his protégé at the time, Danja, co-produced eight of the tracks, with another produced solely by Danja."
25,,"The main cave (Cave 1, or the Great Cave) was a Hindu place of worship until Portuguese rule began in 1534, after which the caves suffered severe damage."
26,,"A second boat owned by the agency, the Diligence, was tethered at port in Wilmington and endured no damage; similarly, little impact occurred at New Bern."
27,,"He has since returned to his brother's dealership, serving as its general manager."
28,,"Certain male deities are given heavy bellies and breasts, signifying either androgyny or prosperity and abundance."
29,,"Dharmendra had begun wooing Malini during their earlier film Seeta Aur Geeta (1972), and used the location shoot of Sholay to further pursue her."
30,,The new museum was relocated to a historic building in the Little Rock River Market District.
31,,"Its initial move in this direction was to create Nos. 1 and 2 Groups to control units in Victoria and New South Wales, respectively."
32,,"As senior air commander in the region, Eaton sat on the Darwin Defence Co-ordination Committee."
33,,"In another trick, Ali swallowed three to six handkerchiefs of different hues and then produced them in a color order requested by audience members."
34,,"According to Dunnington,"" When I assumed command at this Post, all material had been removed to Arkadelphia."
35,,"He directed and played the lead role in the 1988 film Soorma Bhopali, in which Dharmendra and Bachchan had cameos."
36,,"The taxonomist is then unable to indicate any point of difference by which"" Astraeus"" may be separated from Geastrum, which indicates that the name should be discarded."
37,,"The hurricane produced strong gusts within the vicinity of New York City, and at Belleville, New Jersey, several peach trees were defoliated and uprooted."
38,,"In the first game, Jordan scored a Finals-record 35 points in the first half, including a record-setting six three-point field goals."
39,,"Sippy, said that he would sponsor a conversion of the film to 3D, and release it in late 2012; this was later postponed to late 2013, and eventually finalised for 3 January 2014."
40,,"Jordan finished among the top three in regular-season MVP voting a record 10 times, and was named one of the 50 Greatest Players in NBA History in 1996."
41,,"During their romantic scenes, Dharmendra would often pay the light boys to spoil the shot, thereby ensuring many retakes and allowing him to spend more time with her."
42,,"In late December 1861, banks and then the federal Treasury stopped paying out gold at face value."
43,,"This footage was also shown in Mira Wolf's documentary, The Zagreb Synagogue 1867-1942 (1996), produced by Croatian Radiotelevision."
44,,The deal also includes a $ 12.5 million club option for 2012 with a $ 2 million buyout.
45,,"Their focus was on the important naval base at Ancona, and later the coast of Montenegro."
46,,"Also described as a"" high maintenance"" female, she has been shown to dress constantly in a stylish manner."
47,,"Humans had free will to ignore divine guidance and the behavior required by maat, but by doing so they could bring divine punishment upon themselves."
48,,"He had always expected to become a car dealer after his hockey career, as his father, uncles and brother all worked in the industry."
49,,"The first is that the bodies of the dead were excarnated or exposed to the elements, followed by a secondary burial within the tomb."
50,,"Fey was born on May 18, 1970, in Upper Darby, Pennsylvania, a suburb of Philadelphia."
51,,The pilot training element is regarded by the GA community as a key benefit that is critical to the supply of pilots for the airline industry.
52,,"However, many of the war-weary sailors felt the operation would disrupt the peace process and prolong the war."
53,,"To help the Senators stop the Wanderers, who were known for their speed, Ross created a new system of defence."
54,,"During the war, Warsaw libraries lost about a million volumes, or 30 % of their collections."
55,,"Despite the gulf that separated humanity from the divine, the Egyptians were surrounded by opportunities to approach their gods."
56,,"It was developed by A-1 Pictures, produced by Shinji Motoyama, directed by Nobuhiro Kondō, and written by Hiroshi Ōnogi."
57,,"Eduard Seler and Caecilie Seler-Sachs investigated the monuments at Toniná, publishing their reports at the turn of the 20th century."
58,,"On January 19, 2000, Jordan returned to the NBA not as a player, but as part owner and President of Basketball Operations for the Washington Wizards."
59,,"Prior to the start of the 1927 – 28 season, the NHL adopted a new style of goal net created by Ross."
60,,"Ashbee further suggested that in subsequent centuries, locals raided the damaged Coldrum tomb for loamy chalk and stone, which was then re-used as building material."
61,,"Another uneventful operation followed on 17 – 18 April, and another three days later on 21 – 22 April."
62,,"He has also mixed and remixed work for other artists such as Rammstein, August Burns Red and Misery Signals."
63,,Ruler 2 established the use of in-the-round sculptural style that came to typify the stelae of Toniná.
64,,Egyptian deities are connected in a complex and shifting array of relationships.
65,,"He retired with 32,292 points in regular season play, placing him fourth on the NBA's all-time scoring list behind Kareem Abdul-Jabbar, Karl Malone, and Kobe Bryant."
66,,"The General Aviation Small Aerodrome Research Study (GASAR) analysed 687 aerodromes in England which come under the scope of GA, classifying 374 into six types."
67,,"In addition, there are 10,000 active glider pilots, and estimates put the membership of aviation-related sport and recreational associations at 36,000."
68,,"AE2 is made of the simple sugars mannose, glucose, and fucose in a 1: 2: 1 ratio."
69,,"The rays have an irregularly cracked surface, while the spore case is pale brown and smooth with an irregular slit or tear at the top."
70,,"A national competition was launched in 2007, the same year FIFA started an education course on football for women."
71,,"He was based in New Delhi when the city was rocked by sectarian violence, and attempted to help many of his Muslim staff members escape from the Hindu-majority city unharmed."
72,,"The Lightning assigned him to the IHL's Cleveland Lumberjacks, but also gave him the option of retiring and taking up a position as an assistant coach."
73,,"In the year 1996, Urania returns to the Dominican Republic for the first time since her departure at the age of 14."
74,,"Beginning in 1991, the archdiocese assigned Spanish-speaking priests to the parish, and both English- and Spanish-language services were offered."
75,,"Jordan won his first NBA Finals MVP award, and he cried while holding the NBA Finals trophy."
76,,Admiral Hugo von Pohl replaced him as commander of the fleet; von Pohl carried out a series of sorties with the High Seas Fleet throughout 1915.
77,,"Since the factors underlying these desiderata are at odds, tuning of the catalyst properties has proven difficult."
78,,"In the center, God the Father and Jesus are enthroned on a cloud; a stained-glass skylight at the top of the dome depicting the Holy Spirit completes the Trinity."
79,,"The offer was ultimately rescinded by the head of Roadrunner, who regarded Townsend's recordings as"" just noise""."
80,,"After Coleby who plays Roman quit the serial, James' time with the show was in doubt."
81,,"Although it was originally produced for NBC, it was eventually sold to Netflix and immediately renewed for a second season."
82,,The army officer was later changed to a policeman because Sippy felt that it would be difficult to get permission to shoot scenes depicting army activities.
83,,"Bannawit himself was later transferred from Defence Ministry Deputy Permanent Secretary to be a Chief Adviser of the Ministry, replaced by Chief Advisor General Toosarat Muang-am."
84,,"Ultimately, he ended his note by urging for the site to be protected under the Ancient Monuments Protection Act 1900."
85,,"The Ustaša quickly started with the systematic persecution of the Jews, modeled after the Nazi Germany approach, and at times even more brutal."
86,,They again advanced to the Eastern Conference Finals beating the Bucks and Philadelphia 76ers.
87,,"In 2015, she created and produced the television series Unbreakable Kimmy Schmidt, originally for NBC and eventually for Netflix."
88,,"His next feature was the romantic comedy-drama film Punch-Drunk Love (2002), starring Sandler, with Emily Watson portraying his love interest."
89,,In December 2011 all four Devin Townsend Project albums with additional material were released as the Contain Us box set.
90,,"Two Indian forest tribes, the Baiga and the Bharia of Madhya Pradesh, have been reported to use the fruit bodies medicinally."
91,,"Club vice-chairman Julian Tagg reported that the operation was successful, and that Stansfield appeared happy and was making jokes."
92,,""" There's Got to Be a Way"" is a song by American singer and songwriter Mariah Carey from her self-titled debut studio album (1990)."
93,,Recreational helicopter usage has grown primarily due to the introduction of smaller and cheaper aircraft.
94,,"These remains were examined by Sir Arthur Keith, the conservator of the museum at the Royal College of Surgeons."
95,,"Although Jordan has done much to increase the status of the game, some of his impact on the game's popularity in America appears to be fleeting."
96,,"The moralitas connects the wolf to the wicked man, the fox to the devil, and the husbandman to the godly man."
97,,"He described it as"" a highly orchestrated type of expansive music based in hard rock and heavy metal."
98,,"His slider is his best swing-and-miss pitch, with a whiff rate of 42 % since 2007."
99,,"After he died in England, his body was offered to Johns Hopkins University for study, though the offer was declined."
100,,"With the recognition that 2002 – 03 would be Jordan's final season, tributes were paid to him throughout the NBA."
101,,"Ross and Lester had a financially successful ticket resale business at the Montreal Arena, buying tickets for thirty-five cents and selling them for up to a dollar."
102,,"The one god was believed to transcend the world and all the other deities, while at the same time, the multiple gods were aspects of the one."
103,,Funerary texts that depict Ra's journey through the Duat also show the corpses of gods who are enlivened along with him.
104,,An associate of Anderson stated that the idea for the film had been in Anderson's head for about twelve years.
105,,"The forms in which the gods are shown, although diverse, are limited in many ways."
106,,"He then agreed to edit a series for the publisher, known as"" New Aspects of Antiquity"", through which they released a variety of archaeological works."
107,,"That year, the monument was described in a copy of Gentleman's Magazine by Yorkshire antiquary Charles Moore Jessop, who believed it to be a"" Celtic"" stone circle."
108,,Antimony is a chemical element with symbol Sb (from Latin: stibium) and atomic number 51.
109,,"A subtitle attached to the project during development was"" The Road to Kubinka"", which referenced the Kubinka Tank Museum in Moscow."
110,,"He has been a major spokesman for such brands as Nike, Coca-Cola, Chevrolet, Gatorade, McDonald's, Ball Park Franks, Rayovac, Wheaties, Hanes, and MCI."
111,,"In January 1990, two police cruisers were severely damaged during a chase on Route 4."
112,,"The home kit comprised red shirts with white sleeves, light blue shorts and white socks."
113,,"It was the third best-selling album of 2006 in Canada, and the highest selling by a female solo artist, with 291,700 copies sold."
114,,"At this point, Scheer, who had been warned of the sortie of the Grand Fleet from its base in Scapa Flow, also withdrew to safer German waters."
115,,"James later opined that Nicole was"" the one"" for Geoff, but did not believe that Geoff was"" the one"" for Nicole."
116,,Syncretic combinations were not permanent; a god who was involved in one combination continued to appear separately and to form new combinations with other deities.
117,,"His father, Thomas Barnston Ross, was the head of a Hudson's Bay Company trading post in the area."
118,,"Thakur tells them to surrender Gabbar to him, alive, for an additional ₹ 20,000 reward."
119,,"To learn Battle Potentials, each character has a unique"" Masters Table"", a grid-based skill table that can be used to acquire and link different skills."
120,,"In 1911, Raphael Tuck & Sons bought four of Barker's"" little drawings"" for half a sovereign, and published them as postcards."
121,,"On the 17th, Markgraf left Tagga Bay to rejoin her squadron in the Gulf of Riga, but early on the following morning she ran aground at the entrance to Kalkgrund."
122,,The miniaturized version of the reactor was designed and built by the Bhabha Atomic Research Centre (BARC) at the Indira Gandhi Centre for Atomic Research (IGCAR) in Kalpakkam.
123,,"There were 27 fatal accidents involving GA aircraft in 2007, resulting in the loss of 48 lives."
124,,"A 1 – 0 win away win over Oxford, which was decided by a second half Coulson penalty, resulted in York moving one place above their opponents and back into seventh-place."
125,,Bannawit denied that his own transfer was the result of his criticism of Saprang's transfer.
126,,Most sectors of GA for which data are available have experienced growth in aircraft numbers and hours flown over the last two decades.
127,,"Ethanol extracts of the fruit body are high in antioxidant activity, and have been shown in laboratory tests to have anti-inflammatory activity comparable to the drug diclofenac."
128,,"On the week ending December 28, 2014, it debuted on the Billboard Adult Contemporary chart at number 11 on the week ending December 13, 2014."
129,,He also had a career high six blown saves and surrendered his first career walk-off home run to Victor Martinez on September 16.
130,,Above their niches are figures of angels blowing trumpets; at the top of the altar is a statue of St.
131,,"David McGurk, Lanre Oyebanjo, Danny Parslow, Tom Platt and Chris Smith signed new contracts with the club."
132,,Below is a listing of all player statistics for the Blue Jackets during the season.
133,,"The episodes were filmed on Box Beach located at Shoal Bay, New South Wales as part of a two-day location shoot."
134,,"A depiction of a deity was considered a ka, another component of its being, which acted as a vessel for that deity's ba to inhabit."
135,,But the 1994 – 95 Bulls were a shell of the championship team of just two years earlier.
136,,The 1998 Finals holds the highest television rating of any Finals series in history.
137,,"Extensive flooding of roads and highways was reported, many of which were closed as a result."
138,,"On trials, they developed 18,000 ihp (13,423 kW), which propelled the ship at a speed of 20.5 knots (38.0 km / h; 23.6 mph)."
139,,FITs have not been banned but they must now justify the retention of photographs on a case-by-case basis.
140,,"The team endured their first league defeat of the season in the following game after being beaten 2 – 0 away by Dagenham & Redbridge, the home team scoring in each half."
141,,Townsend also started a crowdfunding campaign through PledgeMusic to support the release of the album.
142,,"On October 21, 2014, Wrapped in Red was reissued by RCA with a special edition CD + DVD release exclusive to Walmart stores in the United States."
143,,"Just after the start of the fourth quarter, the First Union Center crowd began chanting"" We want Mike!""."
144,,"At the conclusion of the 1914 – 15 season, the Senators and Wanderers finished with identical records of fourteen wins and six losses."
145,,"The educational curriculum was censored; subjects such as literature, history and geography were removed."
146,,"An expanded edition of the game, Valkyria Chronicles III Extra Edition, released on November 23, 2011."
147,,"The image, 6 m (20 ft) in height, depicts a three-headed Shiva, representing Panchamukha Shiva."
148,,The steam turbines and associated systems integrated with the reactor were supplied by Walchandnagar Industries.
149,,"Nonetheless, the presence of the Zrínyi and other battleships tied down a substantial force of Allied ships."
150,,"She continued to supervise the household, and to give both her mother and sister the care they needed."
151,,Saprang is the youngest of 9 children of Lieutenant Colonel Sri (Thai: ศรี กัลยาณมิตร) and Phenkaew Kalayanamitr (Thai: เพ ็ ญแก ้ ว กัลยาณมิตร).
152,,"Instead, they stated that it would also be consistent with"" a population that was still relatively small and scattered"", in which most individuals were interrelated."
153,,"Under CAA and EASA rules, all aircraft are required to meet certain standards of airworthiness to fly safely and legally."
154,,"The term denotes an entire generation of Poles, born soon after Poland regained independence in 1918, whose adolescence was marked by World War II."
155,,The shell exploded upon impacting the armor protecting the No. 6 15 cm gun casemate.
156,,"Leonard's parish, named after Saint Leonard of Port Maurice, was organized in 1879."
157,,"Due to this, early texts are scarce and only offer a glimpse of the early history of the site."
158,,"Barker was a devout Christian, and produced religious-themed works throughout her life."
159,,"When he tried to run for governor of the state, Madero supported his opponent, Abraham González and eventually pressured Orozco to drop out of the race."
160,,"The second shell penetrated Princess Royal's 6-inch belt armor, ricocheted upward off the coal bunker, and exploded under the 1-inch deck armor."
161,,"It included a drum part lifted from Michael Jackson's"" Billie Jean"", and an arrangement involving what Tennant called"" Barry White chords""."
162,,"He then employed a close friend, Cyril Fox, to take on the vacated position of Keeper of Archaeology."
163,,"Taking his abilities on the road, Ali met an Italian man in Cairo who signed him to a contract for music hall performances."
164,,"She restored a maisonette in Storrington, Sussex, England, bequeathed by her friend Edith Major, and named it St."
165,,"She was hired as a writer for SNL following a meeting with SNL creator Lorne Michaels, and moved to New York from Chicago."
166,,"Sri was the eldest of the 8 children of Phraya Sucharitraksa, ruler (Chao Muang) of the northern border city of Tak."
167,,"She produced a few Christian-themed books such as The Children ’ s Book of Hymns and, in collaboration with her sister Dorothy, He Leadeth Me."
168,,"In 1934, he established the Institute of Archaeology as part of the federal University of London, adopting the position of Honorary Director."
169,,Organoantimony compounds are typically prepared by alkylation of antimony halides with Grignard reagents.
170,,"Within the eastern end of the tumulus was a stone chamber, into which human remains were deposited on at least two separate occasions during the Early Neolithic."
171,,This tension culminated in the Emergency (rule by decree) declared by prime minister Indira Gandhi in 1975.
172,,"Along the coast of southern Maine and New Hampshire, beach erosion was reported."
173,,"A former copper-plate engraver, Longacre had been appointed through the political influence of South Carolina Senator John C."
174,,"Occasionally, a person took a particular god as a patron, dedicating his or her property or labor to the god's cult."
175,,"Congress was finally galvanized into action by the increased supply of bullion caused by the California gold rush, and in 1849 authorized a gold dollar."
176,,"After war broke out in September 1939, the RAAF began to implement a decentralised form of command, commensurate with expected increases in manpower and units."
177,,"The military force at Little Rock under Dunnington's command consisted of four officers: himself, Major John B."
178,,"These have been developed extensively, second only to the classical methylene reagents (R1 = R2 = H)."
179,,"With 36 saves in 38 opportunities, Nathan also became the first pitcher for the organization to earn 35 saves in three straight seasons."
180,,"At her launching ceremony, the ship was christened by Frederick II, Grand Duke of Baden, the head of the royal family of Baden, in honor of which the ship had been named."
181,,"In the regular season, Jordan was the Bulls' primary threat in the final seconds of a close game and in the playoffs, Jordan would always demand the ball at crunch time."
182,,"The walls are made of mosaic gray pressed brick trimmed with Bedford stone, rising from a rock-faced limestone foundation, and are about 40 feet (12 m) high."
183,,"Within ten to twenty years, the Polish territories under German occupation were to be entirely cleared of ethnic Poles and settled by German colonists."
184,,"It is viviparous, with females producing litters of one or two young that are nourished during gestation via histotroph ("" uterine milk"")."
185,,"However, these effects are only observed with female rats and after long-term exposure to high dust concentrations."
186,,The initial American complement consisted of four officers and 174 enlisted men — the latter entirely composed of United States Navy Reserve Force personnel.
187,,The Medway Megaliths represent just one of these regional groups within the wider West European tradition of tomb building in this period.
188,,"Geopyxis carbonaria fruitbodies are often found in the same post-fire stands as morels, although the former is usually more abundant."
189,,"There had been no U-boat strikes since February, and by June the naval authorities indicated that there was no pressing need for air cover except for the most important vessels."
190,,"In December 1963, Wheeler underwent a prostate operation that went wrong, and was hospitalised for over a month."
191,,"The creature takes it upon himself to mediate the dispute, and takes each aside in turn."
192,,Martinek played only seven games with the Blue Jackets before suffering a concussion and missing the remainder of the season.
193,,"The tenth track,"" White Christmas"", was the first song to be recorded for Wrapped in Red."
194,,"Despite the negative reviews, Fernandez received a Best Supporting Actress nomination at the 14th IIFA Awards for her performance."
195,,"It is a rectangular structure facing westward, measuring 16 feet 2 inches (4.9 m) north to south, and 26 feet 4 inches (8.0 m) east to west."
196,,"The opening theme,"" Akari (Light) -Tomoshibi-"" (灯-TOMOSHIBI-), was sung by Japanese singer Faylan."
197,,People are listed by name allowing police to determine which events individuals have attended.
198,,A recurring theme in these myths is the effort of the gods to maintain maat against the forces of disorder.
199,,"In its September issue, Famitsu listed that Senjō no Valkyria 3 would be arriving on the PlayStation Portable."
200,,"Having worn the armband since an injury to McGurk, Penn was appointed captain for the rest of the season, a position that had earlier been held by Smith and Parslow."
201,,"After the storm, alterations to the shoreline around the Chesapeake Bay permitted the full establishment of a town at Willoughby Spit."
202,,Thirty-six acres were appropriated on the outskirts of Little Rock by Major Robert B.
203,,"The monument originally consisted of a sarsen stone chamber, covered by a low earthen mound, which was bounded by prostrate slabs."
204,,The bulk of the High Seas Fleet was to have sortied from their base in Wilhelmshaven to engage the British Grand Fleet.
205,,Lombardo guested with Finnish cellist group Apocalyptica on a live medley of the two tracks at 1998's Headbanger's Heaven festival in the Netherlands.
206,,"Shortly after the match, Smith left the club by mutual consent to pursue first-team football."
207,,"Still owned by the Trust, the site is open to visitors all year round, free of charge."
208,,Markgraf was ordered under the provisional name Ersatz Weissenburg and built at the AG Weser shipyard in Bremen under construction number 186.
209,,The carvings are substantially damaged; only one of Shiva's four hands is fully seen and the right leg is missing.
210,,Antimony compounds are used as catalysts for polyethylene terephthalate (PET) production.
211,,The instrumentation for the observation of the sun rays falling over it consisted of a meridian line designed by Ignazio Danti of Perugia.
212,,"It is this that made their relationship"" awkward"", Nicole tried to withdraw her declaration and hide her hurt feelings."
213,,"During the same period,"" Promiscuous"" (featuring Timbaland) was released for digital download in North America."
214,,"In contrast, many temples to the major Egyptian gods and deified pharaohs were built in Nubia."
215,,"The Patrick brothers, who controlled the league, offered to sell the remaining five teams for $ 300,000."
216,,"A deity carried out this punishment using its ba, the force that manifested the god's power in the human world."
217,,"Readers are shown the regime's downward spiral, Trujillo's assassination, and its aftermath through the eyes of insiders, conspirators, and a middle-aged woman looking back."
218,,"The species has a cosmopolitan distribution except for arctic, alpine and cold temperate regions; it is common in temperate and tropical regions of the world."
219,,"The theme remains an important element in literature and learning, in film, theater and the fine arts."
220,,"Robert acquired many books for his son, particularly on the subject of art history, with Wheeler loving to both read and paint."
221,,"But some writings do accuse the deities of causing human misery, while others give theodicies in the gods' defense."
222,,"Following her death early in his freshman year, Cullen contemplated returning to his Ontario home, but was convinced by his father to continue with both school and hockey."
223,,"Due to this, Jordan set records in player salary by signing annual contracts worth in excess of US $ 30 million per season."
224,,"The synagogue was officially consecrated on September 27, 1867, a ceremony attended by representatives of city and regional authorities, Zagreb public figures, and many citizens."
225,,"Although many deities were connected with the Nile, no god personified it in the way that Ra personified the sun."
226,,"Davies' loan was extended, while Brobbel and Whitehouse returned to their parent clubs."
227,,"Taking up his part-time professorship at the Institute of Archaeology, he began to lecture to students almost every day."
228,,"He recorded his first coaching victory for the Blue Jackets in his second game, a 4 – 3 win over the Phoenix Coyotes."
229,,"The battlecruiser Seydlitz struck a mine while en route to the target, and had to withdraw."
230,,"In 775 a text recorded the death of Lord Wak Chan K'ak', a prince who appears to have been the heir to the throne and who died before he could take power."
231,,"Congress followed Hamilton's recommendation only in part, authorizing a silver dollar, but no coin of that denomination in gold."
232,,"Anderson, who still had the workprint of his original cut, submitted the film, which was accepted and screened in the Un Certain Regard section at the 1996 Cannes Film Festival."
233,,"He also argues that the unspecified"" god"" in the wisdom texts is a generic term for whichever deity the reader chooses to revere."
234,,"Madero pushed aside Francisco Vázquez Gómez, the vice presidential candidate for the Anti-Reelectionist Party in 1910, as being too moderate."
235,,"The Asia Times quoted a former MP as saying that"" Anupong is seen as the real force behind the coup."
236,,"Jordan then dribbled down the court and paused, eyeing his defender, Jazz guard Bryon Russell."
237,,The Soviets sought to recruit Polish left-wing intellectuals who were willing to cooperate.
238,,"Feeling he had"" ostracized a bunch of fans"" with Physicist, Townsend felt he had the chance to make a more personal and honest record."
239,,"Nicole has been portrayed as a party girl, feisty and has had many boyfriends in a short space of time."
240,,The maximum lifespan is estimated to be 9 years for males and 13 years for females.
241,,"The deal sent Jakub Voracek, Columbus' first-round draft choice, the eighth overall, and their third-round pick in the 2011 Draft to the Philadelphia Flyers in exchange for Carter."
242,,"In different periods of Egyptian history, different gods were most frequently said to hold this exalted position."
243,,"The supporting cast includes Owen Wilson, Reese Witherspoon, Jena Malone, Martin Short, Benicio Del Toro, Katherine Waterston, Josh Brolin, Peter McRobbie, Michael K."
244,,"He missed the entire 1997 – 98 NHL season as he continued to battle the disease, while his teammates wore a uniform patch with his # 12 in support throughout the year."
245,,"The songs used in the film, and released on the original soundtrack are listed below."
246,,"The directive was to build a tower at a suitable location in the Vatican and equip it with the"" greatest and best instruments of the time""."
247,,Valkyria Chronicles 3 was adapted into a two-episode original video animation series in the same year of its release.
248,,"In 1987, the song won Best Single at the Brit Awards, and Best International Hit at the Ivor Novello Awards."
249,,"He himself escaped from prison and fled to Texas, from where he issued his famous Plan of San Luis Potosí."
250,,"Subsequently Zapata, for political and strategic reasons, decided to attack the city of Cuautla."
251,,"Throughout Columbia, Ulster and Rensselaer Counties, trees, tree limbs, and power lines were downed by the winds."
252,,"I thought he wanted to beat me up, but no — all he did was to put a coin in my hand and ask me to repeat the trick."
253,,A bulky neck brace allowed Cullen to return and play out his contract in Toronto.
254,,"The team then hosted Fleetwood Town, and the visitors won 2 – 0 with goals scored in each half by Gareth Evans and Jamille Matt."
255,,"Hornung concludes that the gods were fully unified only in myth, at the time before creation, after which the multitude of gods emerged from a uniform nonexistence."
256,,"Some among the Porfiristas in fact, expected that Zapata would soon march on Mexico City itself, unless peace was concluded with Madero."
257,,"Clarkson had also promoted Wrapped in Red in various televised performances, all of which she was dressed in red attire."
258,,The Type 1 issue had the smallest diameter of any United States coin ever minted.
259,,"A color traditionally associated with Christmas, she affiliated the color to various emotions in the holidays."
260,,"This marriage shifted possession of the islands to the British Empire, as part of Catherine's dowry to Charles."
261,,"Produced by Greg Kurstin, it is her first Christmas album and her first record to be solely released by RCA."
262,,A man in Milford was killed indirectly when a tree that was partially downed by the storm fell on him during an attempt to remove it from a relative's yard.
263,,"Accelerated Evolution, named for the pace of putting a new band together in under a year, was released a month after Strapping Young Lad."
264,,"Subsequently they became"" each other's support network"" and Lasance said it was not long afterward that they"" slipped between the sheets""."
265,,"Patterson retired that year after 16 years in his position, and under his successor, George N."
266,,"The image is highly damaged, particularly the lower half of Shiva seen seated with Parvati, who is shown with four arms, two of which are broken."
267,,"Flying schools are commercial businesses engaged in the training of pilots, both for recreational purposes and for those intending to fly professionally."
268,,Mahesh Bhatt's thriller Murder 2 was Fernandez's first commercial success and marker a turning point in her career.
269,,"The church was moved in two parts; when it was reconstructed, another section was added between them, increasing the building's seating capacity to 180."
270,,"Jordan also holds the top career regular season and playoff scoring averages of 30.1 and 33.4 points per game, respectively."
271,,"Thus Isis, as the mother and protector of Horus, was a great healer as well as the patroness of kings."
272,,"Though his regime was broadly nationalist, Daniel Chirot comments that he had"" no particular ideology"" and that his economic and social policies were basically progressive."
273,,He was on Stanley Cup championship teams twice in a playing career that lasted thirteen seasons; in January 1907 with the Kenora Thistles and 1908 with the Montreal Wanderers.
274,,"In contrast, during her studio time with Timbaland, she said she was"" in the VIP boys club of just letting go"" and being more impulsive."
275,,"During an interview, the development team said that the game had the capacity for downloadable content (DLC), but that no plans were finalized."
276,,The lower-grade ores are reduced in blast furnaces while the higher-grade ores are reduced in reverberatory furnaces.
277,,"Childe was also retiring from his position of director that year, and Wheeler involved himself in the arguments surrounding who should replace him."
278,,"These works were reprinted on underground presses, and those intended for public display were plastered to walls or painted on them as graffiti."
279,,"Rather than building a new church at the time, the parish elected to move the old one to the new site."
280,,"In addition, visitor facilities at the site have been upgraded (such as toilet facilities, railing construction, pathways, and a flight of steps from the jetty to the caves)."
281,,"Defender Keith Lowe, of Cheltenham, and goalkeeper Nick Pope, of Charlton Athletic, were signed on loan until January 2014."
282,,"In 2003,"" Silent Scream"" was covered by Children of Bodom for their album Hate Crew Deathroll in his UK version."
283,,"As a senior, he was selected to the McDonald's All-American Team after averaging a triple-double: 29.2 points, 11.6 rebounds, and 10.1 assists."
284,,"These practices may have been accompanied by necrophagy, shamanism, or magical practices, direct evidence for which does not survive."
285,,"Horthy felt that the element of surprise had been compromised, and therefore called off the operation."
286,,The Battle of Tellicherry was a naval action fought off the Indian port of Tellicherry between British and French warships on 18 November 1791 during the Third Anglo-Mysore War.
287,,"His people are to remain loyal to him all cost, and are periodically tested by public humiliation and censure even though acts of disloyalty were rare."
288,,"Concept work for Valkyria Chronicles III began after development finished on Valkyria Chronicles II in early 2010, with full development beginning shortly after this."
289,,"Those earnings were a record that remained unbroken for nineteen years, which is also the longest amount of time that a film has held the record."
290,,"In what is known as the"" Flu Game"", Jordan scored 38 points, including the game-deciding 3-pointer with 25 seconds remaining."
291,,"AoT said it was open to all possible options, and has taken no action to upgrade the problem."
292,,"Cullen announced his retirement on November 28, 1998, and accepted the Lightning offer to become an assistant coach."
293,,"Completing his tour with No. 79 Wing, Eaton was appointed Air Officer Commanding Southern Area, Melbourne, in January 1945."
294,,"The resulting culture was, however, different from the culture of interwar Poland for a number of reasons."
295,,Gusts of 60 to 80 miles per hour (97 to 129 km / h) downed hundreds of trees and many power lines on Long Island.
296,,In 2015 the song was voted by the British public as the nation's 12th favourite 1980s number one in a poll for ITV.
297,,"For some of the beats on the songs, Timbaland finished work on ones already present in the studio that were half-developed or just"" nucleuses""; the rest were completely reworked."
298,,The anime's title was inspired by the principle purpose of the Nameless: to suffer in battle for the goals of others.
299,,Jordan later described this shot as the major turning point in his basketball career.
300,,"He was also part of the Allied counter-push, taking part in the Second Battle of El Alamein and the advance on Axis-held Tripoli."
301,,"In 1991, Jordan purchased a lot in Highland Park, Illinois, to build a 56,000 square foot mansion, which was completed four years later."
302,,"He became the only player other than Wilt Chamberlain to score 3,000 points in a season, averaging a league high 37.1 points on 48.2 % shooting."
303,,"The primary cave, numbered as Cave 1, is about 1.5 km (0.93 mi) up a hillside, facing the ocean."
304,,"The fruitbodies (ascocarps) of Geopyxis carbonaris are cup shaped, 1 – 2 cm wide, and have fringed whitish margins."
305,,"Classes were held in Belorussian, Lithuanian and Ukrainian, with a new pro-Soviet curriculum."
306,,"James said it was clear to see that"" the lines of friendship could be blurring into something more"" for the pair."
307,,"York achieved their first win since the opening day of the season after beating Portsmouth 4 – 2 at home, with Fletcher (2), Montrose and Jarvis scoring."
308,,The 2011 – 12 Columbus Blue Jackets season was the team's 12th season in the National Hockey League (NHL).
309,,"Once the kerosene was exhausted, the water followed, streaming out his mouth in a long flow from up to six feet away, extinguishing the fire."
310,,"At the same time, elements within Gallian Army Command move to erase the Nameless in order to protect their own interests."
311,,"Jordan received a three-minute standing ovation from his teammates, his opponents, the officials and the crowd of 21,257 fans."
312,,"The rays open and close in response to levels of moisture in the environment, opening up in high humidity, and closing when the air is dry."
313,,The front (west side) of the garage is made of the same mosaic gray brick that was used for the construction of the church and the rectory.
314,,"Gilmore considered the tooth nondiagnostic but transferred it to a new species, Dryptosaurus medius."
315,,"To the south-east of the Great Cave is the second excavation, which faces east-northeast."
316,,"The plain maskray generally hunts at the surface of the bottom substrate, rather than digging for prey."
317,,"The film was then released in other distribution zones such as Delhi, Uttar Pradesh, Bengal, and Hyderabad on 11 October 1975."
318,,The fleet remained in captivity during the negotiations that ultimately produced the Treaty of Versailles.
319,,"Lord Collins of Mapesbury said that the police presence had a"" chilling effect"" on people who were protesting lawfully."
320,,"The gold dollar continued to be produced in the late 1850s, though mintages declined from the figures of two million or more each year between 1850 and 1854."
321,,"Many electron-withdrawing groups have been shown compatible with the reaction including ketones, esters, and amides (the example below involves a Weinreb amide)."
322,,"A few deities, such as Osiris, Ptah, and Min, have a"" mummiform"" appearance, with their limbs tightly swathed in cloth."
323,,"The Cessna 172, developed from the late 1940s Cessna 170, was introduced in 1956, and became the world's best selling single-engine aeroplane."
324,,"Ruler 8 erected a number of sculptures of bound prisoners of war and adopted the title aj b'olon b'aak,"" He of Many Captives""."
325,,Dwight Schrute (Rainn Wilson) receives his black belt in karate from his new sensei (Michael Imperioli).
326,,Antimony pentasulfide is non-stoichiometric and features antimony in the + 3 oxidation state and S-S bonds.
327,,"In 1926 the Western Hockey League, the other top professional hockey league, was in decline."
328,,"One of the teams, the All-Montreal Hockey Club, hired Ross as a playing-manager, but the league only lasted to mid-January 1910 before disbanding."
329,,"The larger group of caves, which consists of five caves on the western hill of the island, is well known for its Hindu sculptures."
330,,"In Canada, where the original recording of"" West End Girls"" had already been a minor hit in 1985, the re-recorded version was issued as a single in early 1986."
331,,"The album is a follow-up to her first greatest hits album, Greatest Hits – Chapter One, and its companion extended play, The Smoakstack Sessions Vol. 2."
332,,"Instead, these were sent to the initial Confederate capital of Montgomery, Alabama, though what was done with them there, and their ultimate fate, are unknown."
333,,"The Bulls finished 50 – 32, and made it out of the first round of the playoffs for the first time in Jordan's career, as they defeated the Cleveland Cavaliers in five games."
334,,"A god could be called the ba of another, or two or more deities could be joined into one god with a combined name and iconography."
335,,"Deities often form male and female pairs, reflecting the importance of procreation in Egyptian religious thought."
336,,"Temples, where the state rituals were carried out, were filled with images of the gods."
337,,"GA aircraft are being subject to significant increases in charges, including the imposition of handling fees in some cases."
338,,"York drew 3 – 3 away to Bristol Rovers to earn a first round replay in the FA Cup, taking the lead through Jarvis before Eliot Richards equalised for the home team."
339,,Four stages of progressive development have occurred since it was first established.
340,,"Navarro, whom both Orozco and Villa wanted executed for his previous killing of rebel POWs."
341,,Criteria changes for the 1988 and 1989 ceremonies resulted in the Best Concept Music Video award being presented alongside the award for Best Performance Music Video.
342,,Twenty-five museums and a host of other institutions were destroyed during the war.
343,,"Jordan had recovered completely by the 1986 – 87 season, and had one of the most prolific scoring seasons in NBA history."
344,,"In March 1995, Jordan decided to quit baseball due to the ongoing Major League Baseball strike, as he wanted to avoid becoming a potential replacement player."
345,,"Over time, the critical reception to Sholay greatly improved; it is now considered a classic, and among the greatest Hindi-language films."
346,,"Ross' design had bevel edges, which prevented it bouncing too much, and used synthetic rubber, rather than the natural rubber previously in vogue."
347,,"It too is inhabited by deities, some hostile and some beneficial to the other gods and their orderly world."
348,,Larger rays consume a greater variety of prey and relatively more polychaete worms when compared to smaller rays.
349,,This simultaneously pushes the fruit body above ground to reveal a round spore case enclosed in a thin papery endoperidium.
350,,The show itself won the 2007 Emmy for Outstanding Comedy Series (and did so again for two subsequent years).
351,,Students at the underground schools were often also members of the Polish resistance.
352,,"Property damage was widespread and many trees, signs, and billboards were blown down."
353,,"During the 2015 offseason, the Tigers declined the $ 10 million club option for Nathan for the 2016 season, and exercised a $ 1 million buyout."
354,,"Rulers in the late New Kingdom promoted a particularly important group of three gods above all others: Amun, Ra, and Ptah."
355,,"In maturity, the mushroom displays the characteristic earthstar shape that is a result of the outer layer of fruit body tissue splitting open in a star-like manner."
356,,The Palace of the Underworld is entered via three step-vaulted arches on the eastern side of the second terrace of the Acropolis.
357,,"During the operation, the British submarine J1 torpedoed both Grosser Kurfürst and Kronprinz and caused moderate damage."
358,,"Efforts focus on assuring appropriate standards of airworthiness, pilot qualification, the rules for the movement of aircraft, and equipment to be carried."
359,,"As silver coins vanished, the gold dollar became the only federal coin in circulation between the cent and the quarter eagle ($ 2.50 piece)."
360,,"Despite Jordan's success, Magic Johnson won the league's Most Valuable Player Award."
361,,"Furtado said she preferred the louder volume that process gave to the album because she wanted it to sound like her demo tapes, which she prefers to her finished albums."
362,,Fernandez has participated in several concert tours and televised award ceremonies.
363,,"The small, goblet-shaped fruitbodies of the fungus are reddish-brown with a whitish fringe and measure up to 2 cm (0.8 in) across."
364,,"Above this temperature and in ambient light, this metastable allotrope transforms into the more stable black allotrope."
365,,"In the United States, West End Girls debuted on the Billboard Hot 100 at number 71, reaching the number one position on 10 May 1986, and remained on the chart for 20 weeks."
366,,"After the game's completion, additional episodes are unlocked, some of them having a higher difficulty than those found in the rest of the game."
367,,"As a response to Madero's proclamation, violent clashes began throughout Mexico in November 1910."
368,,"But gunners aboard Grosser Kurfürst correctly identified the vessels as hostile and opened fire while turning away to avoid torpedoes, which prompted Markgraf to follow suit."
369,,"A new league, the Canadian Hockey Association (CHA), was formed in late November 1909."
370,,"He divided opinion among those who knew him, with some loving and others despising him, and during his lifetime he was often criticised on both scholarly and moral grounds."
371,,The species was first described by Christiaan Hendrik Persoon in 1801 as Geastrum hygrometricus.
372,,His most significant injury was a herniated disc in his neck that doctors initially feared would end his career.
373,,"There, he was immediately placed in command of an artillery battery, replacing a major who had been poisoned by mustard gas."
374,,"Business aviation has shown strong growth, although the numbers of aircraft on the UK register have declined."
375,,It is uncertain as to how long data collected by the unit is to be kept but GMP currently anticipate it will be stored for 5 years.
376,,"In October 1985, the new version was released, reaching number one in the United Kingdom and the United States in 1986."
377,,"Markets for these flame-retardant applications include children's clothing, toys, aircraft and automobile seat covers."
378,,"The team's nickname went perfectly with the original colours of brown and yellow, which were the same colours of Adams' grocery chain, First National Stores."
379,,"The ancient words for antimony mostly have, as their chief meaning, kohl, the sulfide of antimony."
380,,The Gambia also has an under-19 team that was to play in the African Women's U-19 Championship in 2002.
381,,"This, coupled with the fact that both leaders were ignored by Madero in his political appointments, outraged and estranged them from him."
382,,"These remains had been known as Saurophagus, but that name was already in use, leading Chure to propose a substitute."
383,,Jorge Alí Triana and his daughter Veronica Triana wrote a theatrical adaptation in 2003.
384,,"Sir Robert Eric Mortimer Wheeler CH, CIE, MC, TD, FSA, FRS, FBA (10 September 1890 – 22 July 1976) was a British archaeologist and officer in the British Army."
385,,"Beside the fourteen large windows in the nave, there are 25 stained-glass windows in the church, depicting saints and symbols of the Catholic Church."
386,,Merengue is a style of music created by Ñico Lora in the 1920s and actively promoted by Trujillo himself; it is now considered the country's national music.
387,,"By 1868, front and rear porches had been added to the building, as well as interior walls and stairs, some of which remain today, including the central staircase."
388,,"These newcomers equated the Egyptian gods with their own, as part of the Greco-Roman tradition of interpretatio graeca."
389,,"Symons added that there is"" still a long way to go"" with the arrangement, but thereafter she was supportive and offered constructive help to Nicole."
390,,"Allosaurus meriani was described in 1870 by Greppin as a species of Megalosaurus, based on a tooth from the Late Jurassic of Switzerland."
391,,"French losses eventually totalled 25 men killed and 60 wounded, Strachan suffering just six killed and 11 wounded in return."
392,,"He was the founder, songwriter, vocalist, and guitarist in extreme metal band Strapping Young Lad from 1994 to 2007 and has an extensive career as a solo artist."
393,,"However Geoff continued to support Nicole as he realised that"" a lot of people she was closest to have deserted her""."
394,,"In the Treaty of Saint-Germain-en-Laye, the transfer was not recognized; instead, Zrínyi was given to Italy and broken up for scrap."
395,,It had been demonstrated earlier in laboratory experiments that the fungus has a biotrophic interaction with lodgepole pine (Pinus contorta).
396,,"Primary schooling was to last for seven years, but the classes in the final two years of the program were to be limited to meeting one day per week."
397,,"Hitchcock began his Blues coaching career with a 6 – 1 – 2 record in his first nine games, while Columbus amassed a 6 – 13 – 3 record to start the season."
398,,"A. tendagurensis was named in 1925 by Werner Janensch for a partial shin (HM 67) found in the Kimmeridgian-age rocks of Tendaguru, in Mtwara, Tanzania."
399,,Creosaurus potens was named by Lull in 1911 for a vertebra from the Early Cretaceous of Maryland.
400,,He makes her believe she has accidentally stepped on a needle and she has tests for HIV.
401,,"The brigade was then stationed in Belgium, where it had been engaged in the Battle of Passchendaele against German troops along the Western Front."
402,,"Fey told The New Yorker,"" I'd had my eye on the show forever, the way other kids have their eye on Derek Jeter."" Originally, Fey"" struggled"" at SNL."
403,,"Piggott believed that Wheeler's greatest impact was as"" the great innovator in field techniques"", comparing him in this respect to Pitt-Rivers."
404,,"The ship was commissioned on 22 November and became the flagship of Flag Officer Josiah Tattnall, commander of the naval defenses of Georgia."
405,,"Moving to South Yarra, Victoria, he enlisted as a flying officer in the Royal Australian Air Force (RAAF) at Laverton on 14 August 1925."
406,,"The Pet Shop Boys then decided to re-record"" West End Girls"", and issue this new version as a single."
407,,"I say pleasure, because his answers were thoughtful and intelligent and he came across as a man who was delighted to be back home with his friends and family""."
408,,"Jordan then further surprised the sports world by signing a minor league baseball contract with the Chicago White Sox on February 7, 1994."
409,,"The crew for the left gun were killed, the turret was disabled, and the explosion caused serious damage to the upper deck."
410,,"Handing over command of Darwin to Group Captain Frederick Scherger in October, Eaton took charge of No. 2 Service Flying Training School near Wagga Wagga, New South Wales."
411,,"The Egyptian language's terms for these beings were nṯr,"" god"", and its feminine form nṯrt,"" goddess""."
412,,"Born in London, he joined the British Army upon the outbreak of World War I and saw action on the Western Front before transferring to the Royal Flying Corps in 1917."
413,,"Christmas cards were designed for The Girls' Friendly Society over a 20-year period, and the first three designs sold out a combined printing of 46,500 in 1923."
414,,"The Egyptians believed the gods needed temples to dwell in, as well as the periodic performance of rituals and presentation of offerings to nourish them."
415,,"Despite Morgan's publication, some authorities in the following decades continued to classify the species in Geastrum."
416,,"The corn crake is a medium-sized rail, 27 – 30 cm (11 – 12 in) long with a wingspan of 42 – 53 cm (17 – 21 in)."
417,,"The legs and five of the eight arms are broken, attributed to Portuguese vandalism."
418,,"He ranks third in NBA history in total steals with 2,514, trailing John Stockton and Jason Kidd."
419,,"Termed"" kitty bar the door"", it required three defenders to align themselves across the ice 30 feet in front of the goaltender to stop offensive rushes."
420,,"In the 1990 – 91 season, Jordan won his second MVP award after averaging 31.5 ppg on 53.9 % shooting, 6.0 rpg, and 5.5 apg for the regular season."
421,,"The populace may, for example, have mistaken the religion's symbolic statements about the gods and their actions for literal truth."
422,,"During his undergraduate studies, he became editor of the Union Magazine, for which he produced a number of illustrated cartoons."
423,,""" There's Got to Be a Way"" was written by Mariah Carey and Ric Wake for Carey's self-titled debut studio album (1990)."
424,,"School-owned aircraft account for a significant amount of GA activity, both in terms of hours flown and aircraft movements."
425,,"Mordecai Cubitt Cooke illustrated the fruitbodies, spores, and asci in his 1879 work Mycographia, seu Icones fungorum."
426,,"He quickly emerged as a league star, entertaining crowds with his prolific scoring."
427,,"Taweret became a goddess in Minoan Crete, and Amun's oracle at Siwa Oasis was known to and consulted by people across the Mediterranean region."
428,,"The video cuts to a closeup of Tennant singing the chorus, with a purple neon sign passing across his face."
429,,"In the end however, Díaz dismissed the advice from his generals as"" Custer-like bluster"" and chose to seek peace with the moderate wing of the revolution."
430,,"In North America, associations with oak and pine are usual, while in India, it has been noted to grow commonly with chir pine (Pinus roxburghii) and sal (Shorea robusta)."
431,,"Stralman and Lepisto were not given qualifying offers which made them unrestricted free agents, and both signed with other teams."
432,,"Subsequent to Gilii's death in 1821, the observatory on the tower was discontinued and the instruments were moved to the observatory at the Roman College."
433,,"Ross became coach of the Wanderers, but a fire on January 2, 1918, destroyed their home, the Montreal Arena, and forced them to fold after four games."
434,,"In southern New Hampshire, a line of thunderstorms produced torrential rainfall, causing flooding on parts of New Hampshire Route 13."
435,,Shiva is seated in padmasana yogic posture (cross legged) on a lotus carried by two Nāgas.
436,,"As built, Vasco da Gama was armed with a main battery of two 10.2 in (260 mm) guns, placed in individual barbettes side by side amidships."
437,,"Passed over in the Entry Draft, Cullen was finally selected by the Buffalo Sabres in the 1986 NHL Supplemental Draft."
438,,"This allows them to fly in UK airspace subject to certain limitations, for example being restricted to day-time flights under visual flight rules only."
439,,Wheeler was inspired by the moors surrounding Saltaire and fascinated by the area's archaeology.
440,,"Since double sounds were often abbreviated in hieroglyphic texts, Popo may represent the original name of the city."
441,,"In 1906, his first season, he scored six goals in seven games while he recorded six goals in ten games in 1907."
442,,"With these players the Bruins finished first in the league in 1937 – 38; Ross was named as the second best coach in the league, selected for the end of season All-Star Second Team."
443,,"The capillitia (masses of thread-like sterile fibers dispersed among the spores) are branched, 3.5 – 6.5 µm in diameter, and hyaline (translucent)."
444,,"The wolf reminds the husbandman of his earlier declaration, to which he replies that a man may say things that do not mean anything."
445,,"Deities were also believed to give commands, instructing the king in the governance of his realm and regulating the management of their temples."
446,,"On 15 November 2010, the hosts of the Fitwatch blog were asked by the Police National E-Crime Unit to take down the website due to it"" being used to undertake criminal activities""."
447,,"The UK planning system is designed to focus on local issues, and consideration of the national impact of GA operations is not within its remit."
448,,"Additionally, RIDOT laid the highway out so that Route 4 would cross through wetlands in the area."
449,,"Gabbar Singh, the film's antagonist, was well received by the audience, despite his pervasive sadistic cruelty."
450,,"Eaton was sent to India in December to undertake aerial survey work, including the first such survey of the Himalayas."
451,,Each gun port was protected by an armored shutter made of two layers of iron riveted together and allowed the guns to elevate only to a maximum of + 5 to + 7 °.
452,,"Although the episode received generally favorable reviews, it finished third in its timeslot."
453,,"In the early 2013, Fernandez became the ambassador for HTC One, which she endorses in India."
454,,Brackets around club names denote the player's contract with that club had expired before he joined York.
455,,"During this period, two more 15-inch shells hit Markgraf, though the timing is unknown."
456,,It was then revealed that Nicole would struggle to switch off her mothering instinct after giving George away.
457,,"Schooled in Wandsworth, Charles worked in Battersea Town Council from the age of fourteen, before joining the London Regiment upon the outbreak of World War I in August 1914."
458,,The real-life Soorma eventually threatened to press charges when people who had viewed the film began referring to him as a woodcutter.
459,,Thai Mobile had accumulated significant losses and the company was not able to make its debt payments or supplier payments.
460,,"At the top of the steps is a hand-carved white wood communion rail, decorated with miniature onyx columns and topped with marble."
461,,"Earlier the same day, there was also a match between the two clubs' supporters in Topsham, Devon, to raise funds for his foundation."
462,,The reactor subsystems were tested at the Machinery Test Center in Visakhapatnam.
463,,"Although he had never been to the country, he agreed that he would take the job on the condition that he be permitted to take part in the invasion of Italy first."
464,,"Following the death of her sister in 1954, Barker began designs for a stained glass memorial window depicting Christ preparing to wash the feet of his disciples."
465,,"Franjo Klein, a Vienna-born Zagreb architect, was commissioned to build the synagogue."
466,,"In 2002, the romantic comedy-drama Punch-Drunk Love, Anderson's fourth feature, was released to generally favorable reviews."
467,,"Fey is known for her deadpan humor and delivery; her"" sardonic wit"" has become a trademark of hers, upon which several critics have commented in their reviews of Fey's work."
468,,"They chased through woodland by a murderer, Derrick who tries to kill them both."
469,,Fans were upset with the Blue Jackets' management and were calling for changes at the top.
470,,"A prison set was constructed near Rajkamal Studio in Mumbai, also outdoors, to match the natural lighting of the on-location sets."
471,,"It eventually moved back out to sea while south of Norfolk, Virginia, departing the region on 24 August."
472,,"Hathor, as a fertility goddess, could act as mother to any child god, including the child form of the sun god, although in other circumstances she was the sun god's daughter."
473,,"Ross did not play for the Thistles when the two teams played for the Cup again in March, which the Wanderers won to take back the Cup."
474,,Stanĕk in 1958; it was later (1976) published as a distinct species — A. koreanus — by Hanns Kreisel.
475,,"He started off the season strong, allowing no runs in 20 appearances and earning 14 saves from April 15 to June 4."
476,,"She was named one of People magazine's 50 Most Beautiful People in 2003, and one of People magazine's 100 Most Beautiful People in 2007, 2008, and 2009."
477,,"By mid-1862, all federal coins, even the base metal cent, had vanished from commerce in much of the country."
478,,The character Gabbar Singh was modelled on a real-life dacoit of the same name who had menaced the villages around Gwalior in the 1950s.
479,,"As an example, William van der Heide has compared a massacre scene in Sholay with a similar scene in Once Upon a Time in the West."
480,,"Townsend lists Paul Horn and Ravi Shankar as the"" two most important musicians in his life""."
481,,"During the promotion of Loose, Furtado performed at major music festivals and award shows."
482,,"On January 13, 2013, Fey hosted the 70th Golden Globe Awards with her long-time friend and fellow comedian, Amy Poehler, to critical acclaim."
483,,"One of the tracks Mendez helped to create is"" Te Busqué"", which is co-written by and features Juanes, who collaborated with Furtado on his 2002 song"" Fotografía""."
484,,They were developed under the US $ 2.9 billion Advanced Technology Vessel (ATV) project to design and build nuclear-powered submarines.
485,,"There are two circular window openings in the attic, one facing west and the other south."
486,,"The high winds caused widespread power outages, affecting up to 130,000 electric customers."
487,,"The police officers wear full uniform, and are intended to be a highly visible presence."
488,,"Monument 101 has the last Long Count date from any Maya monument, it marks the K'atun ending of AD 909."
489,,It was the first time in franchise history the Blue Jackets finished in 30th place.
490,,He has posthumously been featured on a Flybe airliner livery and tourist currency in Exeter.
491,,"Nevertheless, at the time of his death in 1937, Julian commented that Ali had"" earned big money in America — $ 1,000 a week sometimes."
492,,"The attack on Ancona was an immense success, and the ships were unopposed during the operation."
493,,"On April 5, 2011, Fey's autobiography, Bossypants, was released to a positive review from The New York Times."
494,,"Anderson received critical and commercial success for his film Boogie Nights (1997), set during the Golden Age of Porn in the 1970s and 1980s."
495,,"In 1873, the building was renamed Little Rock Barracks and used as a barracks for married officers and their families."
496,,"The Arkansas Gazette referred to the structure as"" A splendid specimen of masonry""."
497,,"She appeared as a guest judge on the November 25, 2007 episode of the Food Network program Iron Chef America."
498,,"The second was Rome Beyond the Imperial Frontier, discussing evidence for Roman activity at sites like Arikamedu and Segontium."
499,,"During the 1980s and 1990s, RIDOT announced plans to eliminate the three traffic lights along the southern end of the highway."
500,,"In 2000, construction began on the Quonset Freeway, a relocated Route 403 that serves the Quonset Business Park from Route 4."
501,,"After swallowing large amounts of water, 60 to 100 glasses at a time, he spouted the water in a continuous stream for a sustained period of time, sometimes approaching one minute."
502,,"A general action followed, with Strachan succeeding in forcing the French ship to surrender within twenty minutes and both sides suffering damage and casualties."
503,,"A month later, on May 14, the Blue Jackets announced that Richards would remain as head coach and signed him to a two-year contract."
504,,"The project, which ultimately went over budget at $ 24 million (equivalent to $ 52 million in 2016)), was financed from a $ 63 million federal grant."
505,,"The project's concept includes a different"" theme"" and a different group of musicians on each album."
506,,"Of the coins struck at the branch mints in 1849, only pieces struck at Charlotte (1849-C) exist in multiple varieties; most are of what is dubbed the"" Closed Wreath"" variety."
507,,"He averaged a Finals-record 41.0 ppg during the six-game series, and became the first player in NBA history to win three straight Finals MVP awards."
508,,"It met with positive sales in Japan, and was praised by both Japanese and western critics."
509,,"We have some really cool albums, but I don't think we'll ever do that again."" King was equally unsure, commenting,"" Probably not."
510,,"She first performed"" Underneath the Tree"" on the The Today Show on November 26, 2013."
511,,All of the surviving megalithic tombs from the Early Neolithic period have suffered from neglect and the ravages of agriculture.
512,,"Loose reached number one on the European Top 100 Albums chart in early 2007, spending ten non-consecutive weeks at number one."
513,,"This difference disappears as maturity is reached, when plants resemble closely the fructification of any other member of the genus."
514,,"In September 2010, a teaser website was revealed by Sega, hinting at a new Valkyria Chronicles game."
515,,"In Britain, the Admiralty approved of Cornwallis' actions, suggesting that the French were deliberately using the guise of trade to support Mysore against Britain."
516,,"Born in Germany in 1874, Nachtigall had immigrated to the United States with his family in 1883."
517,,"Toniná had a particularly active Early Classic presence, although the Early Classic remains lie entirely buried under later construction."
518,,"For these reasons, scholars disagree about how genuinely most Egyptians believed the king to be a god."
519,,"The threads of the capillitia arise from the inner surface of the peridium, and are thick-walled, long, interwoven, and branched, measuring 3 – 5.5 µm thick."
520,,"In the novel's final chapters, the three storylines intersect with increasing frequency."
521,,"There they inhabited the cult images, the statues that depicted deities and allowed humans to interact with them in temple rituals."
522,,In the ensuing short engagement Markgraf hit the cruiser Calliope five times with her secondary guns.
523,,"In response, Patterson had Mint Second Engraver Christian Gobrecht break off work on the new design for the silver one-dollar coin and work on a pattern for the gold dollar."
524,,"The instrumentation facilitated recording of occurrences of eclipse, appearance of comets, Satellites of Jupiter and Mercury ’ s transit."
525,,"Townsend referred the music of the album to be"" closest to his heart"" at this point of his life, and that it is an important and satisfying project he doesn't want to rush."
526,,"Fearing his conviction will falter a second time, he decides he cannot simply quit, but get fired."
527,,"Votive offerings and personal names, many of which are theophoric, suggest that commoners felt some connection between themselves and their gods."
528,,"On 26 April 2008, Stansfield scored in Exeter's 4 – 4 draw at Burton Albion which qualified them for that season's play-offs."
529,,"In 1988, the missing link in Route 4 between exits 5 and 6 was completed and opened."
530,,"Under the Greek Ptolemaic Dynasty and then Roman rule, Greeks and Romans introduced their own deities to Egypt."
531,,More than 80 % of these losses were the direct result of purges rather than wartime conflict.
532,,"The remaining first right arm is held across the breast and touches the left side, the second right hand that is seen damaged with an out-flaying pose is broken at the elbow."
533,,Stansfield earned five caps and scored one goal for the England national semi-professional team.
534,,"If the ylide carbon is substituted with an aryl or allyl group, the reagent is referred to as a semi-stabilized ylide."
535,,"Parachuting is governed by the British Parachute Association, although the aircraft used in this activity are generally CAA-regulated."
536,,"In 2010, Fernandez appeared opposite Deshmukh in the science fiction romantic comedy Jaane Kahan Se Aayi Hai."
537,,The perception that there were two common Allosaurus species in the Morrison Formation was popularized in Gregory S.
538,,"After the 2011 season, Nathan left the Twins via free agency to sign with the Texas Rangers, becoming an All-Star again in 2012 and 2013."
539,,"Pettit replied, stating that none had been preserved, but enclosed a silver piece of equivalent size."
540,,"Wearing civilian clothes, he and his companion were arrested and held for three days by local authorities in Koepang, Dutch Timor."
541,,"The 73 metres (240 ft) tower was then built above the museum and library, flanked by the Belvedere and della Pigna courtyards."
542,,"Most Polish schools were closed, and those that remained open saw their curricula altered significantly."
543,,The plan was intended to replicate the success of the raid conducted one year earlier.
544,,"Underground Warsaw University educated 3,700 students, issuing 64 masters and 7 doctoral degrees."
545,,The extraction of antimony from ores depends on the quality of the ore and composition of the ore.
546,,They compiled reports on looted and destroyed works and provided artists and scholars with means to continue their work and their publications and to support their families.
547,,"Geoff, who has strong religious views, sleeps with Nicole as they cannot fight temptation."
548,,"On his initial inspection of the Indus Valley sites of Mohenjo-daro and Harappa, he organised a very brief excavation which revealed fortifications around both settlements."
549,,"In 2006, she was crowned the winner of the Miss Universe Sri Lanka pageant and represented Sri Lanka at the world Miss Universe 2006 pageant held in Los Angeles."
550,,"He was also a fixture on the NBA All-Defensive First Team, making the roster nine times (NBA record shared with Gary Payton, Kevin Garnett and Kobe Bryant)."
551,,She was selected by Barbara Walters as one of America's 10 Most Fascinating People of 2008.
552,,"Ross had moved to Brandon, Manitoba, in 1905 at the advice of his parents so he could get a job with a bank, with a salary of $ 600 per year."
553,,"He later undertook excavations of six megalithic tombs in Brahmagiri, Mysore, which enabled him to gain a chronology for the archaeology of much of southern India."
554,,"With this in mind, Ross named the team the Boston Bruins, after the Old English word for a bear."
555,,The area surrounding the Tower Building had been known as Arsenal Park when the first decommissioned and then later renamed City Park.
556,,"Saprang later clarified his remark, saying the Bangkok terrorism manual discovery had been made in the early 1990s."
557,,Geopyxis carbonaria is widespread on burned soil or charcoal in the spring and throughout the growing season.
558,,The charred litter on the forest floor increases the underlying soil pH as well as the availability of minerals.
559,,"Similarly, Aleksander Wat, initially sympathetic to communism, was arrested by the Soviet NKVD secret police and exiled to Kazakhstan."
560,,"At that time, the Route 4 designation was also applied to the Wickford arterial."
561,,"It was in the form of a circular marble plate in the centre, embellished with scientific designs."
562,,The ship's primary armament consisted of four 30.5 cm (12 in) 45-caliber guns in two twin gun turrets.
563,,"Alan Sepinwall of HitFix gave the episode a slightly more mixed review writing that"" the non-Andy parts of"" Livin' the Dream"" were fairly interesting""."
564,,"Light forces were sent to recover the vessels, and III Squadron, which was in the North Sea en route to Wilhelmshaven, was ordered to cover them."
565,,"After finishing the album, Townsend stated the project was"" punishing"" and an"" absolute nightmare to complete"" due to amount of material against tight schedules."
566,,"He helped the team to finish first in the ECAHA and retain the Cup in 1908 with challenges from Ottawa, Winnipeg and Toronto."
567,,The underside is plain white and the ventral fin fold is light grayish in color.
568,,Kings' General Manager Dean Lombardi stated that the clock was correct and no extra time had been added due to the way the clock self-corrects at various times.
569,,Clips of Carey leaning against a wall and sitting on some steps looking on at what is happening are shown.
570,,"On March 26, 1931, Ross substituted a sixth skater for goaltender Tiny Thompson in the final minute of play in a playoff game against the Montreal Canadiens."
571,,"He appreciated the drama coming from Angela's desperation, despite disagreeing with the logic in the situation."
572,,"At its broader, eastern end, where the chamber is located, the monument measures 15 metres (50 feet), while at the narrower, western end, it is 12 metres (40 feet) in breadth."
573,,"During World War II she supported Soviet troops during the Siege of Odessa, Siege of Sevastopol, and the Kerch-Feodosiya Operation in the winter of 1941 — 42."
574,,"It was directed by regular Office director Jeffrey Blitz, who last directed season eight's"" Gettysburg""."
575,,"She introduced stories of women and girls from around the world, and also shared memories of her own girlhood and mother."
576,,"Gobrecht's design featured a Liberty cap surrounded by rays on one side, and a palm branch arranged in a circle with the denomination, date, and name of the country on the other."
577,,"Crawford, resigned from the Society in protest, deeming Wheeler to have been a far more appropriate candidate for the position."
578,,"At the 2003 All-Star Game, Jordan was offered a starting spot from Tracy McGrady and Allen Iverson, but refused both."
579,,"In 2015, Fernandez featured in Vicky Singh's Roy, a romantic thriller, which critic Sarita A."
580,,"Even before 1848, record amounts of gold were flowing to American mints to be struck into coin, but the California Gold Rush vastly increased these quantities."
581,,"In the 1880s, the federal government began closing many small arsenals around the country in favor of smaller ones built near railroads for quick deployment."
582,,"A property adjoining the new school site was bought, and the house standing upon it converted to a convent for the nuns staffing the school."
583,,A foundation in his name was posthumously set up by his family to provide sporting opportunities and raise awareness of colorectal cancer.
584,,"The two would collaborate again on"" Te Busqué"" ("" I searched for you""), the single from Furtado's album Loose."
585,,"The partners had stopped payments to the supplier, Samart Corporation, for nearly a year, until Samart threatened to suspend services within three days."
586,,"The centennial of the church building was celebrated in December 2013, at a bilingual Mass conducted by Elden Curtiss, archbishop emeritus of the Archdiocese of Omaha."
587,,"Several large sarsens to the south of the Coldrums might represent the remnants of a further such tomb, since destroyed."
588,,"During the 1941 collapse of the Kingdom of Yugoslavia under the Axis invasion in the April War, the Independent State of Croatia was created."
589,,"Given that such blocks of stone rarely occur naturally, it may have been quarried."
590,,Attempts were made to fix the problems and were at least partially successful in stopping many of the leaks.
591,,"His condition deteriorated rapidly and he died on 10 August, with his death being announced shortly after Exeter's loss to Ipswich Town in the Football League Cup."
592,,"When he complains that it is too heavy for him to lift alone, the wolf jumps into the other bucket and descends to help."
593,,The submarines are powered by a pressurised water reactor with highly enriched uranium fuel.
594,,"Nathan divided 2001 between the AAA Fresno Grizzlies and AA Shreveport both starting and relieving, finishing with a disappointing combined 3 – 11 record and an ERA over 7."
595,,"The III Battle Squadron was the first of three battleship units; directly astern were the Kaiser-class battleships of the VI Division, III Battle Squadron."
596,,"Evans characterised the site as"" the most impressive"" of the Medway Megaliths, while Grinsell described it as"" the finest and most complete"" of the group."
597,,"The ship had been boarded by a scratch Yugoslav crew on 10 November 1918, one day before the Armistice, and had left Pola with her sister ship, Radetzky."
598,,"About 60 % of antimony is consumed in flame retardants, and 20 % is used in alloys for batteries, plain bearings and solders."
599,,Fey... as an anxious overthinker using her caustic sarcasm as a weapon against both her own insecurities and the flakes and train wrecks who surround her.
600,,"During World War I he volunteered for service in the Royal Artillery, being stationed on the Western Front, where he rose to the rank of major and was awarded the Military Cross."
601,,"To correct the problems, Longacre enlarged the head of Liberty, making it a scaled-down version of the three-dollar piece, and moved the lettering on the obverse closer to the rim."
602,,"Because of the uncertain nature of the storm, the National Hurricane Center (NHC) did not classify it as a tropical cyclone."
603,,"Townsend returned to the stage in January 2010, touring North America with headliner Between the Buried and Me as well as Cynic and Scale the Summit."
604,,"They soon reached the British-controlled Suez, where they disembarked and were stationed on the shores of the Great Bitter Lake."
605,,Pensions were to be established for relatives of the soldiers who had died fighting the rebels.
606,,"Each had a stone chamber at the eastern end of the mound, and they each probably had a stone facade flanking the entrance."
607,,"She also supports the Love Our Children USA organization, which fights violence against children, who named her among their Mothers Who Make a Difference, in 2009."
608,,"The use of scanning electron microscopy has shown that the spines are 0.90 – 1.45 µm long, rounded at the tip, narrow, tapered, and sometime joined together at the top."
609,,The children in the kindergarten modelled for the Flower Fairies until the kindergarten closed in 1940.
610,,"Temple statues and reliefs, as well as particular sacred animals, like the Apis bull, served as divine intermediaries in this way."
611,,The basidia are arranged in long strings of clusters; individual basidia measure 11 – 15 by 18 – 24 µm.
612,,"General Pongsak had been criticized for ineffectually fighting the South Thailand insurgency, after 39 successful arson attacks occurred in just one night."
613,,"However, Andy tells David he is resigning to pursue his dreams of stardom full time, and David is relieved to not have to fire him."
614,,Most of the Pistons went directly to their locker room instead of shaking hands with the Bulls.
615,,"In 1945 Mortimer Wheeler married his third wife, Margaret"" Kim"" Collingridge, although they became estranged in 1956; they never divorced as a result of her devout Catholicism."
616,,"Despite the implication in their name that their function is to merely gather intelligence, they are also intended to have a deterrent effect."
617,,Nash stated that if Columbus felt it would make the franchise better than he would be willing to waive his no-trade clause.
618,,"Felipe López singled, and Nathan was able to get Miguel Cabrera and Luis Castillo out, but not before Alou scored."
619,,Townsend has carried out the mixing and mastering for most of his solo work himself.
620,,"A green LP pressing of the album will also have a limited 500-copy release on December 9, 2014."
621,,The synagogue became too small to accommodate the needs of the ever-growing community.
622,,"He chose mostly upper class Maderistas, including his wife for the post in the treasury."
623,,"Zrínyi was built at the Stabilimento Tecnico Triestino dockyard in Trieste, the same place where her sister ships were built earlier."
624,,"Egyptians prayed for divine help, used rituals to compel deities to act, and called upon them for advice."
625,,"Goebbels declared that"" The Polish nation is not worthy to be called a cultured nation""."
626,,"The development of a national team faces challenges similar to those across Africa, although the national football association has four staff members focusing on women's football."
627,,"The central Shiva shrine (see 16 in plan below) is a free-standing square cell with four entrances, located in the right section of the main hall."
628,,"After being helped additionally by a soundtrack release containing dialogue snippets, Sholay soon became an"" overnight sensation""."
629,,"In the early evening of 15 June, Webb began his next attempt by passing over the lower obstructions in the Wilmington River and spent the rest of the night coaling."
630,,The plain maskray or brown stingray (Neotrygon annotata) is a species of stingray in the family Dasyatidae.
631,,"While Howson stated that he had never brought up trading Nash in discussions, other teams had inquired about his availability."
632,,"Symons called the scenes"" volatile."" Nicole was unaware that Marilyn has reservations about her spending time with the baby."
633,,"Nationally important deities gave rise to local manifestations, which sometimes absorbed the characteristics of older regional gods."
634,,"Both of his sons attended Loyola Academy, a private Roman Catholic high school located in Wilmette, Illinois."
635,,"Meanwhile, Wheeler was well known for his conspicuous promiscuity, favouring young women for one night stands, many of whom were his students."
636,,"The moon-god Chandra, seen with a wig and a crescent, is standing behind Parvati holding a circular pot with nectar for the marriage ceremony."
637,,The release peaked at number 57 and in 1992 was awarded a gold certification by the Recording Industry Association of America.
638,,"At Brewster, meanwhile, severe damage to crops and salterns was noted, and 18 in (46 cm) of rainfall was recorded."
639,,"Von Reuter believed that the British intended to seize the German ships on 21 June 1919, which was the deadline for Germany to have signed the peace treaty."
640,,"The first divine act is the creation of the cosmos, described in several creation myths."
641,,"Columbus was without a representative for the 2012 All-star Game, but Ryan Johansen represented the club as a rookie participant in the Super Skills Competition."
642,,"The Egyptians had complex conception of the human soul, consisting of several parts."
643,,"On 24 April, the battlecruisers of Rear Admiral Franz von Hipper's I Scouting Group conducted a raid on the English coast."
644,,"You can only do your best, I guess!"" Nicole later told Marilyn Chambers (Emily Symons) about the baby and she offered to adopt it."
645,,"Such rituals coexisted with private offerings and prayers, and all three were accepted means of obtaining divine help."
646,,The largest applications for metallic antimony are as alloying material for lead and tin and for lead antimony plates in lead – acid batteries.
647,,Her performance in the first of these garnered her an IIFA Award for Best Supporting Actress nomination.
648,,"Nathan went on to pitch the last game for the United States in the ninth inning against Mexico, again not allowing a run and striking out two."
649,,"They did this work using a force the Egyptians called heka, a term usually translated as"" magic""."
650,,He was a standout player for Boston University and is the school's all-time leading scorer.
651,,"Markgraf continued to engage Tiger until 18: 25, by which time the faster battlecruisers managed to move out of effective gunnery range."
652,,"The museum was in disarray; prior to the war, construction had begun on a new purpose-built building to house the collections."
653,,"AoT threatened the consortium with contract termination, but didn't follow through with its threat, even though the consortium failed to live up to its contract."
654,,"Antimony (III) sulfide, Sb2S3, was recognized in predynastic Egypt as an eye cosmetic (kohl) as early as about 3100 BC, when the cosmetic palette was invented."
655,,It is just over 153 feet (47 m) long from east to west; 52 feet (16 m) wide from north to south.
656,,"From December 3, 1929, until January 9, 1930, the team won fourteen games in a row, a record that lasted until 1982 and now tied for third longest, as of October 2010."
657,,"ESPN, citing Bowie's injury-laden college career, named the Blazers' choice of Bowie as the worst draft pick in North American professional sports history."
658,,"Nathan's foundation, Joe Nathan Charitable Foundation, also called"" Save It"", helps raise money and awareness for many different charities."
659,,"He described its uptempo arrangements, as well as Clarkson's vocal performance, as"" bold and brassy"" and its mid-tempo arrangements as"" even more alluring""."
660,,"The book itself serves as a reminder of the atrocities of dictatorship, to ensure that the dangers of absolute power will be remembered by a new generation."
661,,Turk eventually turns himself in for fear that the regime was torturing his family.
662,,A part of this upgrade involved creating unique polygon models for each character's body.
663,,"When the flotilla had advanced as far south as Brindisi in south eastern Italy, the Austro-Hungarian ships were recalled."
664,,Consideration was given to including the gold dollar as an authorized denomination in the revisionary legislation that became the Mint Act of 1837.
665,,Nicole later decides she and Geoff should return to the island to repair their relationship.
666,,It was expected that Polish children would begin to work once they finished their primary education at age 12 to 15.
667,,Each step up requires a wider repertoire of aerobatic figures and progressively more performance from the aircraft.
668,,"In January 1849, McKay introduced a bill for a gold dollar, which was referred to his committee."
669,,Pakistan's Ministry of Education invited Wheeler to return to their country in October 1956.
670,,"The Bulls finished with a 47 – 35 record, and advanced to the Eastern Conference Finals, defeating the Cavaliers and New York Knicks along the way."
671,,"It is a rock-cut temple complex that covers an area of 5,600 m2 (60,000 sq ft), and consists of a main chamber, two lateral chambers, courtyards, and subsidiary shrines."
672,,"During the following weeks Polish schools beyond middle vocational levels were closed, as were theaters and many other cultural institutions."
673,,"For addition of sulfur ylides to enones, higher 1,4-selectivity is typically obtained with sulfoxonium reagents than with sulfonium reagents."
674,,"The panel to the east of the north portico is Shiva in a Yogic position called Yogisvara, Mahayogi, Dharmaraja and Lakulish."
675,,He fired the President of TOT for questioning an 800 million baht donation that the agency made to the Army.
676,,The deck was 30 mm (1.2 in) thick; the main battery turrets and forward conning tower were armored with 300 mm (12 in) thick steel plates.
677,,"York's run of successive wins ended on six matches after a 0 – 0 home draw with Burton, and this result saw York drop out of the play-offs in eighth-place."
678,,"In 2004, he transferred to Hereford United, where he won promotion to The Football League via the 2006 play-offs, and repeated the feat with Exeter City a year later."
679,,"Similar evidence for the sharpening of tools has been found at West Kennet Long Barrow, as well as later prehistoric monuments such as Stonehenge."
680,,"At age 11, Fey read Joe Franklin's Seventy Years of Great Film Comedians for a school project about comedy."
681,,"Thoroughly obsolete, she remained in the Portuguese fleet until 1935, when she was sold for scrapping."
682,,"Wheeler has been termed"" the most famous British archaeologist of the twentieth century"" by archaeologists Gabriel Moshenska and Tim Schadla-Hall."
683,,"Although it was not the first business jet, it popularised corporate aviation, and established the personal jet as a"" whole new class of aircraft""."
684,,This view is echoed by a police debriefing of their operations at the 2008 Camp for Climate Action which praised FITs at the event for disrupting activists.
685,,"The White Sox were another team owned by Bulls owner Jerry Reinsdorf, who continued to honor Jordan's basketball contract during the years he played baseball."
686,,"The NHL itself joined the cause in the winter of 1998, creating the Hockey Fights Cancer program to raise money for research."
687,,"The star is slightly less massive and slightly smaller than the Sun; it is also slightly cooler, but is more metal-rich."
688,,"As Madison's population grew, the church became too small for the expanding congregation."
689,,"Prominent among these is the Shiva carving, which is depicted with six arms and the third eye in the forehead."
690,,"He was drafted in the sixth round (159th overall) of the amateur draft by the San Francisco Giants in 1995, and signed the next day, June 2."
691,,"The 150-pound Parrott rifle weighed 16,500 pounds (7,500 kg) and was 17 calibers long."
692,,In the chamber to the east of the Trimurti is the four-armed Ardhanarishvara carving.
693,,"A number of visitors investigated the ruins of Toniná in the 19th century, the first being an expedition led by Guillaume Dupaix in 1808."
694,,"On 10 February 1940, the NKVD unleashed a campaign of terror against"" anti-Soviet"" elements in occupied Poland."
695,,"Bowman scored with a header from an O'Neill cross to open the scoring at home to Plymouth Argyle, which was the first goal the visitors had conceded in 500 minutes of action."
696,,"After the conversion, Atlanta was 204 feet (62.2 m) long overall and had a beam of 41 feet (12 m)."
697,,"The next day, Markgraf steamed to Moon Sound, and on the 25th participated in the bombardment of Russian positions on the island of Kynö."
698,,"Musically, Strapping Young Lad was less industrial than City, and more reminiscent of death metal, with a"" larger-than-life"" rock production style."
699,,"After unsuccessful attempts at schooling in the United States, Ramfis returns to the Dominican Republic to serve in his father's military."
700,,"In the time after myth, most gods were said to be either in the sky or invisibly present within the world."
701,,"The away kit included light blue shirts with white sleeves, white shorts and light blue socks."
702,,People in this era put faith in specific gods who they hoped would help and protect them through their lives.
703,,"Another popular etymology is the hypothetical Greek word ἀντίμόνος antimonos,"" against aloneness"", explained as"" not found as metal"", or"" not found unalloyed""."
704,,"Her armor was backed by 3 inches (76 mm) of oak, vertically oriented, and two layers of 7.5 inches (191 mm) of pine, alternating in direction."
705,,A series of events during his reign were marked on monuments between 726 and 729 and in 730 he rededicated the tomb of his predecessor K'inich B'aaknal Chaak.
706,,"His siblings joined the Royal Air Force and he thought of joining them, but continued searching for a breakthrough in professional football."
707,,Madhava Prasad states that Jai and Veeru represent a marginalised population that is introduced into conventional society.
708,,"This makes aerodrome development difficult, often subjecting those that successfully negotiate the process to restrictions in use."
709,,"In July 1947, Dutch forces launched a"" police action"" against territory held by the fledgling Indonesian Republic, which had been declared shortly after the end of the war."
710,,"She added,"" She starts gently on"" Have Yourself a Merry Little Christmas"" before belting out the money notes."
711,,"Large fruitings of the fungus are often associated with damage to the host tree, such as that which occurs with burning."
712,,"Initial efforts were directed towards creating a negative image of pre-war Poland, and later efforts were aimed at fostering anti-Soviet, antisemitic, and pro-German attitudes."
713,,The theatrical trailer and release date were unveiled by the original script-writers Salim Khan and Javed Akhtar.
714,,The coup was executed just a week before the announcement of the Army's annual reshuffle.
715,,"Dahlonega, like the other two branch mints in the South, closed its doors after the 1861 strikings."
716,,"The public destruction of Polish books was not limited to those seized from libraries, but also included those books that were confiscated from private homes."
717,,"By depicting a given god in different ways, the Egyptians expressed different aspects of its essential nature."
718,,"The anemoscope, in contrast, was a complex mechanism attached to the ceiling which was used to measure the strength and direction of the wind but soon stopped functioning."
719,,Serious security gaps at Suvarnabhumi Airport became known to the public beginning in early 2007.
720,,"In 2014, Devin recorded a' poppy sounding' song in Los Angeles with producer Brian Howes, but has decided against releasing."
721,,"In 1947 Ross donated the Art Ross Trophy, awarded to the leading scorer of the NHL regular season."
722,,"Kurt and Riela were featured in the Nintendo 3DS crossover Project X Zone, representing the Valkyria series."
723,,Players listed with no appearances have been in the matchday squad but only as unused substitutes.
724,,"Although it was impossible to operate an underground radio station, underground auditions were recorded and introduced into German radios or loudspeaker systems."
725,,"The camera shows shots of young women, and passes through arcades and cinemas in Leicester Square."
726,,"In keeping with this belief, the names of deities often relate to their roles or origins."
727,,"A smooth whitish mycelial layer covers the fruit body, and may be partially encrusted with debris."
728,,"Pandavas, the heroes of the Hindu epic Mahabharata, and Banasura, the demon devotee of Shiva, are both credited with building temples or cut caves to live."
729,,"Wheeler's excavation report, co-written with Katherine Richardson, was eventually published as Hill-forts of Northern France in 1957."
730,,"L. sulcatus, named by Marsh in 1896 for a Morrison theropod tooth, which like L. stechowi is now regarded as either Ceratosaurus sp. or a dubious ceratosaurian."
731,,"The Treaty of Ciudad Juárez was a peace treaty signed between the then President of Mexico, Porfirio Díaz, and the revolutionary Francisco Madero on May 21, 1911."
732,,"A monument dated to 682 depicts three naked prisoners with their arms bound, one of them is identified as a lord from Annak', an as yet unidentified site."
733,,"Isotopes that are lighter than the stable 123Sb tend to decay by β + decay, and those that are heavier tend to decay by β − decay, with some exceptions."
734,,"Photographs obtained by FITs are used to produce"" spotter cards"" consisting of people's photographs which allows officers to identify people at future events that they attend."
735,,A descriptive biography entitled Art Ross: The Hockey Legend who Built the Bruins by Eric Zweig was published by Dundurn Press in Sept 2015.
736,,"After Maidan Castle, Wheeler turned his attention to France, where the archaeological investigation of Iron Age sites had lagged behind developments in Britain."
737,,"Academics hired by the CNS included Wuttipong Piebjriya-wat, Sophon Supapong, Narong Phet-prasert, and Somkiat Osotspa."
738,,"They were Senjō no Valkyria 3: Namo naki Chikai no Hana (戦場のヴァルキュリア3 名もなき誓いの花, lit."
739,,"Reported production of antimony in China fell in 2010 and is unlikely to increase in the coming years, according to the Roskill report."
740,,"The exoperidium is thick, and the rays are typically areolate (divided into small areas by cracks and crevices) on the upper surface, and are dark grey to black."
741,,"Since the description of Allosaurus, scientists have proposed additional species from such far-flung locales as Portugal, Siberia, and Tanzania."
742,,"In the nineteenth-century, the mound was higher on the western end of the tomb, although this was removed by excavation to reveal the sarsens beneath during the 1920s."
743,,"Although he played for the opposing team, he received a good reception from the Montreal crowd."
744,,"Myths are metaphors for the gods' actions, which humans cannot fully understand."
745,,"Gold did not again circulate in most of the nation until 1879; once it did, the gold dollar did not regain its place."
746,,"He is also a businessman, and principal owner and chairman of the Charlotte Hornets."
747,,One of the rooms of the palace contains a stucco decoration representing feathered serpents and crossed bones.
748,,"On 25 January 1919, the ship was formally renamed in"" Hetman Petro Doroshenko"", but Mykolaiv was captured shortly afterward by the Entente."
749,,"But despite their flexibility, the gods had limited abilities and spheres of influence."
750,,The Nataraja and Ardhanarishvara sculptures are also attributed to the Rashtrakutas.
751,,"Despite Jordan's injury and a 30 – 52 record (at the time it was fifth worst record of any team to qualify for the playoffs in NBA history), the Bulls made the playoffs."
752,,Messages were sent back to France reporting the action from Commodore Saint-Félix but they evoked little response.
753,,"Lettering, sword, and shield; mount for a list of men and woman serving in the Forces, St."
754,,"James also enjoys the role because of this and the fact she gets so many"" pash"" scenes with other cast members."
755,,The substitution pattern on aryl reagents can heavily influence the selectivity of the reaction as per the criteria above.
756,,"Though reluctant to move back to the eastern United States, Lynn was hired by Ross after he was offered a salary of $ 12,000."
757,,"In the September 1996 issue of Sport, which was the publication's 50th anniversary issue, Jordan was named the greatest athlete of the past 50 years."
758,,"Despite having been raised in a Jewish faith and unfamiliar with Christmas songs, Kurstin still agreed to produce the project."
759,,"Glider activity has remained relatively static, although there has been a gradual increase in the number of self-launching motor gliders."
760,,"Polish literature faced a similar fate in territories annexed by Germany, where the sale of Polish books was forbidden."
761,,"In summer 1914 he married Tessa in a low-key, secular wedding ceremony, before they moved into Wheeler's parental home in Herne Hill."
762,,"The circular pedestal seen in the courtyard in front of the Shiva's shrine near the east end, in the open area, is said to be the seat of Nandi, Shiva's mount."
763,,"Here, Wheeler was engaged in artillery fire for several months, before the British went on the offensive in August."
764,,"As of April 2016, Devin is in the middle of recording the seventh DTP album, entitled Transcendence at Armoury Studios in Vancouver."
765,,"In Sandbridge, Virginia Beach, Virginia, a beachfront home collapsed into the sea."
766,,"But few pharaohs were worshipped as gods long after their lifetimes, and non-official texts portray kings in a human light."
767,,"These four shows were each entitled"" An Evening with the Devin Townsend Project""."
768,,"To mark twenty-five years since the release of Mariah Carey in June 1990, Billboard writer Trevor Anderson wrote a track-by-track review of the album in June 2015."
769,,It was named partly after the spontaneous decisions she made when creating the album.
770,,"In a letter dated May 10, Pettit proposed an oval-shaped holed piece, or an angular-shaped coin, which would lessen the production problems."
771,,"There are an estimated 27,000 civil aircraft registered in the UK, 96 per cent of which are engaged in GA activities."
772,,The ba was the component of the human or divine soul that affected the world around it.
773,,"Shortly afterward, Atlanta ran aground on a sandbar; she was briefly able to free herself, but the pressure of the tide pushed her back onto the sandbar."
774,,"The gods received their offerings in daily ceremonies, in which their statues were clothed, anointed, and presented with food as hymns were recited in their honor."
775,,Anderson is known for films set in the San Fernando Valley with realistically flawed and desperate characters.
776,,"Like other stingrays, the plain maskray is viviparous with the developing embryos sustained to term by histotroph ("" uterine milk"") produced by the mother."
777,,"Noted as a durable player, Jordan did not miss four or more games while active for a full season from 1986 – 87 to 2001 – 02, when he injured his right knee."
778,,"The most important action of the combined flotilla, which was under the command of British Admiral Cecil Burney, was to blockade the Montenegrin coast."
779,,"Jordan's private jet features a stripe in Carolina blue, the"" Air Jordan"" logo on the tail, and references to his career in the identification number."
780,,"With the team recording six wins and one draw in March 2014, including six clean sheets, Worthington was named League Two Manager of the Month."
781,,Mario Vargas Llosa takes part in this discourse by recounting what was prohibited.
782,,"In the Carolinas, salt, sugar, rice, and lumber industries suffered considerably, and several individuals were killed."
783,,"Outside the breeding season, the upperparts of both sexes become darker and the underparts less grey."
784,,"The objective of regulation is to"" promote high standards of safety in all aspects of aviation"", and this is the main area of interaction between the CAA and the GA sector."
785,,"Compared to the male, the female has warmer-toned upperparts and a narrower duller eye streak."
786,,"Chiral sulfides, on the other hand, are more costly to prepare, spurring the advancement of catalytic enantioselective methods."
787,,DreamWorks Records was folded into the Interscope Geffen A & M umbrella label in January 2004.
788,,"Their.106 winning percentage was the worst in NBA history."" I'm not real happy about the record book scenario last year."
789,,Saprang denied that there was any lack of transparency in the request for financial support.
790,,"This consists of a number of dances performed within the stones on top of the barrow, followed by a song performed at the base of the monument."
791,,"At the same time, increasing mechanization reduced the need for farm labor, pushing agricultural wages downward and rural unemployment upward."
792,,"Having been allowed to leave the club on a free transfer, Ashley Chambers signed for Conference Premier club Cambridge United."
793,,"A frieze on the fifth terrace probably displayed Toniná's most distinguished victims, dozens of fragments of this frieze were discovered in the plaza below."
794,,"Akhenaten ceased to fund the temples of other deities and erased the gods' names and images on monuments, targeting Amun in particular."
795,,Atlanta was easily pulled free by the Union ships and she reached Port Royal under her own power.
796,,"Horus could be a powerful sky god or vulnerable child, and these forms were sometimes counted as independent deities."
797,,"In 1990, the original director's cut of 204 minutes became available on home media."
798,,"According to Dorothy Yamamoto, the significant themes in the tale are"" solidity and vacancy, substance and illusion""."
799,,"Fey hosted SNL for a second time on April 10, 2010, and for her appearance she received an Emmy nomination for Outstanding Guest Actress in a Comedy Series."
800,,"Initially focusing on the northwest of the subcontinent, Wheeler was particularly fascinated by the Bronze Age Indus Valley Civilization."
801,,"Fixed line revenue dropped 16 %, while public telephone and international call revenue by 30 % each."
802,,"In the early 20th century, the parish decided that the old church should be remodelled into a school and a convent for the teachers, and that a new church should be built."
803,,"At the meeting, a total of $ 426.75 was subscribed; additional contributions of $ 322.86 were obtained from citizens of Madison."
804,,"In 1889, Pier Andrea Saccardo transferred the fungus to the genus Geopyxis, giving the species its current name."
805,,"Reports of similar wind shifts throughout the region suggested that the gale persisted, stationary, for several hours."
806,,"A speculative"" polar"" or"" dwarf allosaur"" was used for the"" Spirits of the Ice Forest"" episode of Walking with Dinosaurs."
807,,"SMS Erzherzog Ferdinand Max (German:"" His Majesty's ship Archduke Ferdinand Max"") was a pre-dreadnought battleship built by the Austro-Hungarian Navy in 1902."
808,,The result meant York opened up a five-point lead over eighth-placed Oxford with two fixtures remaining.
809,,"The hyphae of G. carbonaria were able to infect the cortex of the tree seedling, but did not penetrate the endodermis."
810,,"An adaptation of Longacre's princess for the larger gold coin was placed on the dollar, and a similar agricultural wreath on the reverse."
811,,"In Connecticut, the storm was described as being more significant than anticipated."
812,,"He is also influenced by orchestral and classical composers such as John Williams, Trevor Jones and Igor Stravinsky."
813,,"She considers living in a tent in the woods, prompting Oscar Martinez (Oscar Nunez) to offer her to stay with him until she gets back on her feet."
814,,"The film emerged as a commercial success, with the domestic gross of more than ₹ 1 billion (US $ 15 million)."
815,,"Toniná means house of stone in the Tzeltal language of the local Maya inhabitants, an alternate interpretation is the place where stone sculptures are raised to honour time."
816,,"These people were the elite of Egyptian society and were very distinct from the general populace, most of whom were illiterate."
817,,"The final shell was also from the 15-inch Dahlgren and it struck the top of the pilothouse, breaking the armor there and wounding both pilots in it."
818,,Darryl Philbin (Craig Robinson) informs Jim that Athlead has found a buyer and wants them to do a promotional tour around the country for three months.
819,,This carving also depicts a three-faced bearded Bramha and several other figurines.
820,,"In his 2002 interview with Jan Aghed, the director Ingmar Bergman referenced Magnolia as an example of the strength of American cinema."
821,,"Policemen and judges, as well as state legislators, that had been appointed or"" elected"" under Díaz were to retain their offices."
822,,"A Christmas ballad, the song was inspired by a scene in the holiday feature film Love Actually (2003), in which someone confesses unrequited love towards another."
823,,Columbia released it as the fifth and final single from the album in the United Kingdom.
824,,"Between 1903 and 1922 nine different issues were produced, with a total mintage of 99,799."
825,,"She then started relying on alcohol more, and partied with fellow"" wild child"" Indigo Walker (Samara Weaving) at a"" rowdy"" venue."
826,,Bowman and Oyebanjo left to sign for Torquay and Crawley Town respectively while Coulson signed a new contract with the club.
827,,"Paul and Carpenter stated that the type specimen of this species, YPM 1931, was from a younger age than Allosaurus, and might represent a different genus."
828,,The soldiers would be allowed safe passage in any direction carrying any personal and public property besides munitions of war.
829,,The scenic beauty of the mountain is sculpted with the sky background amidst heavenly beings showering flowers on Shiva-Parvati.
830,,"In spring 1973, Wheeler returned to BBC television for two episodes of the archaeology-themed series Chronicle in which he discussed his life and career."
831,,The carved panel facing this one is a two-level depiction of Ravana lifting Kailash.
832,,"After two months of quietly dealing with his symptoms, Cullen's wife finally called team trainers and asked them to check into his illness."
833,,This was followed by a headlining tour in Australia and a series of high-profile shows in Europe (for example co-headlining the Brutal Assault festival in Czech Republic).
834,,"Cole had meanwhile entered into an affair with a man named Clive Entwistle, who lambasted Wheeler as"" that whiskered baboon""."
835,,Eaton and his fellow commissioners believed that the ceasefire was serving the Dutch as a cover for further penetration of republican enclaves.
836,,"The remaining crews, totaling some 1,860 officers and enlisted men, were imprisoned."
837,,"Bush's"" imaginative"" video sampler accompanies her greatest hits album of the same name and includes music videos for songs throughout her career to that point."
838,,"In the 1950s, tiny beads of a lead-antimony alloy were used to dope the emitters and collectors of n-p-n alloy junction transistors with antimony."
839,,"In the end he accepted the spot of Vince Carter, who decided to give it up under great public pressure."
840,,"Thakur explains that Gabbar had killed nearly all of his family members, and cut off both his arms a few years earlier, which is why he could not use the gun."
841,,"Conversely, the gods could cure righteous people of illness or even extend their lifespans."
842,,"It also received a 1.4 share among adults between the ages of 18 to 49, generated NBC ’ s second biggest overall audience its time slot."
843,,Leonard's parish suffered from this agricultural depression and from the Great Depression of the 1930s.
844,,The Polish underground also published booklets and leaflets from imaginary anti-Nazi German organizations aimed at spreading disinformation and lowering morale among the Germans.
845,,"Atkinson was released after failing to force himself into the first team and signed for Scarborough Athletic, with whom he had been on loan."
846,,"After Pope was recalled from his loan by Charlton, York signed Wolverhampton Wanderers goalkeeper Aaron McCarey on loan until January 2014."
847,,"The origins of Route 4 date back to 1952, when construction began on a short, unnumbered arterial from US 1 to the modern location of exit 5 at Routes 2 and 102 in Wickford."
848,,"A captive depicted on one of his monuments is identified as being from the distant city of Calakmul, one of the two Maya"" superpowers""."
849,,Jordan placed second to Babe Ruth in the Associated Press's December 1999 list of 20th century athletes.
850,,"Having purposely put the biplane trainer into a spin and finding no response in the controls when he tried to recover, Eaton called on Douglas to bail out."
851,,"Markgraf was never raised for scrapping, unlike most of the other capital ships that were scuttled."
852,,"Townsend worked on the band's first album, Accelerated Evolution, at the same time he was working on Strapping Young Lad, spending half the week on one and half on the other."
853,,A subplot in the film was partly based on David Phillips (also called The Pudding Guy).
854,,Local attorney John M Harrel was asked to compose the first telegraph dispatched from Arkansas's capital.
855,,"Although obscure, it was a large theropod, possibly around 10 meters long (33 ft) and 2.5 metric tons (2.8 short tons) in weight."
856,,"Sardar notes that the two most prominent Muslim characters in the film are Soorma Bhopali (a buffoonish criminal), and an impotent victim of the bandits (the imam)."
857,,"Written by Clarkson and Eubanks,"" Every Christmas"", was the first song to be written for the album."
858,,However towards the end of their relationship he felt perception had changed due to viewers having a better understanding of Nicole's persona.
859,,"With further conjugated systems 1,6-addition tends to predominate over 1,4-addition."
860,,"However, the wolf is lying nearby with the fox, and, overhearing it, promises to make him stay true to his word."
861,,"Striker Shaq McDonald, who had been released by Peterborough United, was signed on a contract until the end of the season."
862,,"In order to help tell the red line and blue lines apart on television, Ross suggested that the red line be striped."
863,,"Promoted group captain the following year, he was appointed an Officer of the Order of the British Empire in 1942."
864,,"The film revived the career of Burt Reynolds, and provided breakout roles for Mark Wahlberg and Julianne Moore."
865,,"He played in Tiverton Town's youth team as a left back before reverting to being a striker at his first senior club, non-League side Cullompton Rangers."
866,,"In 2002 he formed the Devin Townsend Band, a dedicated lineup which recorded and toured for two of his solo releases."
867,,"Salvador Estrella Sadhalá, known as"" Turk"", is a devout Catholic who, in indignation at the regime's many crimes against God, swears an oath against Trujillo."
868,,"Zagreb Synagogue used the already developed round arch style (Rundbogenstil), but did not adopt Förster's early oriental motifs."
869,,"The LAA is the primary regulator for amateur built aircraft, as well as vintage and classic aircraft."
870,,"The plants were painted from life, and if a specimen was not readily at hand, Kew Gardens staff would provide her the specimens needed."
871,,"His leaping ability, demonstrated by performing slam dunks from the free throw line in slam dunk contests, earned him the nicknames"" Air Jordan"" and"" His Airness""."
872,,"Constructed circa 4000 BCE, during Britain's Early Neolithic period, today it survives only in a ruined state."
873,,In January 2008 it was announced that ex-Neighbours star Tessa James had been cast as Nicole.
874,,"A tall figurine of Parvati stands to the left of Shiva, which is also seen partly broken but well bejewelled."
875,,"The Feast of the Goat begins with the return of Urania to her hometown of Santo Domingo, a city which had been renamed Ciudad Trujillo during Trujillo's time in power."
876,,"The fact that"" she's trying to deal with too many things"" saw Nicole transform into a messed up and depressed person."
877,,There are unsubstantiated reports that its range extends to southern Papua New Guinea.
878,,"Adam Reed, who had a spell on loan with York in the previous season, was signed on a contract until the end of the season after parting company with Burton."
879,,"Townsend's employs a variety of vocal techniques in his work, including screaming, growling or even falsetto."
880,,"Of the 21,000 civil aircraft registered in the UK, 96 per cent are engaged in GA operations, and annually the GA fleet accounts for between 1.25 and 1.35 million hours flown."
881,,"It will require a considerable amount of faith and, of course, money."" On 9 February 2007, Timbaland commented on the issue in an MTV interview:"" It makes me laugh."
882,,"However, since actual 70 mm cameras were expensive at the time, the film was shot on traditional 35 mm film and the 4: 3 picture was subsequently converted to a 2.2: 1 frame."
883,,"With a total worldwide gross of US $ 321 million, Megamind is Fey's most commercially successful picture to date."
884,,Sholay received a special award at the 50th Filmfare Awards in 2005: Best Film of 50 Years.
885,,The Bulls finished in first place in their division for the first time in 16 years and set a franchise record with 61 wins in the regular season.
886,,"While failing to score, Ross started many plays and proved an important part of the team."
887,,She said that no one knew what was going to happen with Liam Murphy (Axle Whitehead) and that Nicole felt guilty for betraying Belle because she was her friend.
888,,"With Mason returning from injury, Hunwick was third on the team's depth chart when an injury to York allowed Hunwick to remain as the back-up for the final two games of the year."
889,,""" Livin' the Dream"" is the twenty-first episode of the ninth season of the American comedy television series The Office and the 197th episode overall."
890,,The gods' actions in the present are described and praised in hymns and funerary texts.
891,,Successful operation of the prototype for three years enabled the production version of the reactor for Arihant.
892,,"In addition to Polish titles, Armia Krajowa also printed false German newspapers designed to decrease morale of the occupying German forces (as part of Action N)."
893,,"The chancel is dominated by the high altar, which stands over 20 feet (6.1 m) tall, and which cost its donors $ 2,080 in 1913."
894,,The fungus was first described scientifically in 1805 by Johannes Baptista von Albertini and Lewis David de Schweinitz as Peziza carbonaria.
895,,"Nathan was also given the Major League Baseball Delivery Man of the Month award for July, going nine for nine in save opportunities and posting a 0.75 ERA for the month."
896,,"On May 5, 2014, Nathan recorded his 347th career save, tying him with Randy Myers for ninth on the all-time saves list."
897,,"At the outbreak of World War I, Erzherzog Ferdinand Max was in the III division of the Austrian-Hungarian battle-fleet."
898,,"In 2010, Fey was awarded the Mark Twain Prize for American Humor, becoming the youngest-ever recipient of the award."
899,,Another version states that Shiva was pleased with Ravana for restoring Parvati's composure and blessed him.
